category,n_customers,n_repurchase_customers,repurchase_rate,repurchase_rate_pct
258,36042,2879.0,0.07987903002053161,7.99
4092,19140,1360.0,0.07105538140020899,7.11
1096,13366,3821.0,0.28587460721232977,28.59
791,11874,858.0,0.07225871652349672,7.23
6356,11238,867.0,0.07714895888948212,7.71
2964,11081,2304.0,0.2079234726107752,20.79
3138,10821,1076.0,0.09943628130487016,9.94
4444,10074,619.0,0.06144530474488783,6.14
1135,9752,945.0,0.09690319934372436,9.69
1429,8324,561.0,0.0673954829408938,6.74
37,7660,610.0,0.07963446475195822,7.96
3398,7404,608.0,0.08211777417612101,8.21
6432,7250,568.0,0.0783448275862069,7.83
5934,7194,571.0,0.07937169863775369,7.94
2663,7001,591.0,0.0844165119268676,8.44
6347,6689,915.0,0.13679174764538796,13.68
5840,6429,396.0,0.06159589360709286,6.16
949,6420,501.0,0.0780373831775701,7.8
2600,6381,382.0,0.05986522488638144,5.99
4814,6322,429.0,0.06785827269851313,6.79
2243,6237,805.0,0.12906846240179573,12.91
6573,6132,502.0,0.08186562296151337,8.19
4072,6012,497.0,0.08266799733865603,8.27
6118,5898,496.0,0.0840963038318074,8.41
2178,5693,608.0,0.10679782188652731,10.68
5830,5617,985.0,0.17536051272921488,17.54
4354,5604,492.0,0.08779443254817987,8.78
3679,5599,663.0,0.11841400250044651,11.84
6823,5507,599.0,0.10877065552932631,10.88
6810,5452,577.0,0.10583272193690389,10.58
872,5418,344.0,0.06349206349206349,6.35
2698,5313,495.0,0.09316770186335403,9.32
5742,5240,505.0,0.09637404580152671,9.64
2890,5222,699.0,0.13385675986212178,13.39
384,5134,559.0,0.10888196338137904,10.89
1966,5127,812.0,0.1583772186463819,15.84
5835,4969,475.0,0.09559267458241094,9.56
876,4956,286.0,0.05770782889426957,5.77
5698,4847,454.0,0.0936661852692387,9.37
5195,4490,335.0,0.07461024498886415,7.46
2155,4360,401.0,0.09197247706422018,9.2
1144,4314,354.0,0.08205841446453407,8.21
3165,4269,266.0,0.062309674396814244,6.23
619,4235,273.0,0.06446280991735537,6.45
3785,4193,302.0,0.07202480324350108,7.2
354,4091,375.0,0.09166462967489611,9.17
3176,4050,439.0,0.10839506172839507,10.84
4278,4048,249.0,0.06151185770750988,6.15
4412,3959,347.0,0.08764839605961101,8.76
419,3950,318.0,0.08050632911392405,8.05
328,3863,300.0,0.07765984985762361,7.77
3486,3831,222.0,0.05794831636648395,5.79
2803,3733,262.0,0.0701848379319582,7.02
4174,3621,331.0,0.09141121237227286,9.14
6414,3594,301.0,0.08375069560378408,8.38
485,3567,352.0,0.09868236613400616,9.87
2114,3557,527.0,0.14815856058476243,14.82
6713,3511,363.0,0.10338934776416975,10.34
4134,3507,252.0,0.0718562874251497,7.19
6046,3500,346.0,0.09885714285714285,9.89
3207,3496,326.0,0.09324942791762014,9.32
2285,3422,236.0,0.06896551724137931,6.9
6031,3421,309.0,0.0903244665302543,9.03
6658,3382,227.0,0.06712004730928445,6.71
3782,3367,280.0,0.08316008316008316,8.32
4448,3356,274.0,0.08164481525625746,8.16
1458,3349,285.0,0.0851000298596596,8.51
1236,3339,320.0,0.09583707696915245,9.58
659,3306,229.0,0.0692679975801573,6.93
5777,3243,219.0,0.06753006475485661,6.75
3703,3214,251.0,0.07809583074051027,7.81
3587,3041,302.0,0.09930943768497205,9.93
6119,3022,254.0,0.08405029781601589,8.41
5976,2988,312.0,0.10441767068273092,10.44
5131,2974,248.0,0.08338937457969066,8.34
5299,2895,246.0,0.0849740932642487,8.5
4043,2857,196.0,0.06860343017150858,6.86
608,2851,141.0,0.049456331111890565,4.95
3407,2832,238.0,0.08403954802259887,8.4
3863,2818,250.0,0.0887154009936125,8.87
1665,2771,355.0,0.128112594731144,12.81
3266,2752,356.0,0.12936046511627908,12.94
4144,2727,273.0,0.1001100110011001,10.01
112,2714,135.0,0.04974207811348563,4.97
1082,2707,309.0,0.11414850387883266,11.41
1582,2691,252.0,0.09364548494983277,9.36
6853,2629,366.0,0.13921643210346138,13.92
835,2611,134.0,0.05132133282267331,5.13
955,2604,190.0,0.07296466973886329,7.3
4683,2602,272.0,0.10453497309761722,10.45
4242,2602,163.0,0.06264411990776327,6.26
5925,2588,282.0,0.10896445131375579,10.9
2506,2587,208.0,0.08040201005025126,8.04
5865,2570,170.0,0.06614785992217899,6.61
4220,2534,189.0,0.07458563535911603,7.46
4671,2532,253.0,0.09992101105845182,9.99
4143,2526,175.0,0.06927949326999208,6.93
441,2482,111.0,0.04472199838839645,4.47
735,2478,180.0,0.07263922518159806,7.26
1480,2460,172.0,0.06991869918699187,6.99
6902,2446,183.0,0.07481602616516762,7.48
2044,2432,147.0,0.06044407894736842,6.04
1652,2430,255.0,0.10493827160493827,10.49
2914,2416,457.0,0.18915562913907286,18.92
4136,2412,175.0,0.07255389718076286,7.26
1014,2412,215.0,0.08913764510779436,8.91
3860,2404,115.0,0.0478369384359401,4.78
4987,2394,265.0,0.11069340016708437,11.07
1660,2394,195.0,0.08145363408521303,8.15
3632,2385,338.0,0.14171907756813418,14.17
416,2378,214.0,0.08999158957106812,9.0
3623,2372,111.0,0.046795952782462055,4.68
4098,2342,196.0,0.08368915456874466,8.37
4753,2328,356.0,0.15292096219931273,15.29
363,2326,118.0,0.05073086844368014,5.07
4435,2325,182.0,0.07827956989247312,7.83
3825,2316,144.0,0.06217616580310881,6.22
3006,2294,157.0,0.06843940714908457,6.84
3792,2293,225.0,0.09812472743131269,9.81
5151,2277,141.0,0.061923583662714096,6.19
4588,2246,152.0,0.06767586821015138,6.77
3549,2235,352.0,0.1574944071588367,15.75
5677,2228,175.0,0.07854578096947935,7.85
3554,2219,150.0,0.067598017124831,6.76
3979,2201,234.0,0.10631531122217174,10.63
875,2193,179.0,0.0816233470132239,8.16
46,2188,133.0,0.06078610603290677,6.08
793,2164,137.0,0.0633086876155268,6.33
1594,2156,271.0,0.12569573283858998,12.57
3001,2154,181.0,0.0840297121634169,8.4
6272,2152,297.0,0.13801115241635686,13.8
3357,2150,117.0,0.05441860465116279,5.44
3443,2146,292.0,0.13606710158434296,13.61
2096,2136,550.0,0.25749063670411987,25.75
1732,2097,308.0,0.1468764902241297,14.69
3292,2097,153.0,0.07296137339055794,7.3
2589,2092,204.0,0.09751434034416825,9.75
5092,2069,182.0,0.08796520057999033,8.8
1047,2060,114.0,0.05533980582524272,5.53
1656,2050,159.0,0.0775609756097561,7.76
164,2033,125.0,0.06148548942449582,6.15
6586,2026,159.0,0.07847976307996052,7.85
869,2022,118.0,0.058358061325420374,5.84
5920,2013,148.0,0.07352210630899156,7.35
298,2009,172.0,0.0856147336983574,8.56
3048,1994,196.0,0.09829488465396188,9.83
5770,1979,151.0,0.07630116220313289,7.63
1187,1969,167.0,0.08481462671406806,8.48
1560,1963,119.0,0.06062149770759042,6.06
3704,1961,121.0,0.06170321264660887,6.17
2180,1951,239.0,0.12250128139415685,12.25
303,1948,161.0,0.08264887063655031,8.26
3638,1932,144.0,0.07453416149068323,7.45
2394,1930,157.0,0.08134715025906736,8.13
3144,1930,259.0,0.13419689119170986,13.42
1847,1930,183.0,0.09481865284974093,9.48
2836,1929,152.0,0.07879730430274753,7.88
4226,1905,84.0,0.04409448818897638,4.41
2936,1890,80.0,0.042328042328042326,4.23
1876,1874,150.0,0.08004268943436499,8.0
6196,1860,273.0,0.14677419354838708,14.68
3035,1854,232.0,0.12513484358144553,12.51
27,1845,128.0,0.06937669376693767,6.94
5402,1838,163.0,0.08868335146898804,8.87
5510,1828,164.0,0.08971553610503283,8.97
1581,1826,138.0,0.0755750273822563,7.56
1923,1824,173.0,0.09484649122807018,9.48
1199,1819,147.0,0.08081363386476086,8.08
2479,1813,227.0,0.1252068394925538,12.52
604,1812,115.0,0.06346578366445917,6.35
5298,1798,156.0,0.0867630700778643,8.68
3262,1776,150.0,0.08445945945945946,8.45
780,1775,161.0,0.09070422535211267,9.07
3517,1768,193.0,0.10916289592760181,10.92
2818,1766,165.0,0.09343148357870895,9.34
4247,1764,125.0,0.07086167800453515,7.09
5362,1753,136.0,0.0775812892184826,7.76
4068,1749,134.0,0.07661520869068039,7.66
6634,1740,276.0,0.15862068965517243,15.86
1598,1727,101.0,0.05848291835552982,5.85
4870,1712,137.0,0.08002336448598131,8.0
2931,1693,110.0,0.06497341996455995,6.5
6192,1692,131.0,0.07742316784869976,7.74
1667,1684,143.0,0.08491686460807601,8.49
3107,1673,100.0,0.05977286312014345,5.98
5491,1668,176.0,0.10551558752997602,10.55
1606,1665,125.0,0.07507507507507508,7.51
2793,1645,139.0,0.08449848024316109,8.45
1413,1635,65.0,0.039755351681957186,3.98
1265,1633,106.0,0.06491120636864667,6.49
807,1631,176.0,0.1079092581238504,10.79
6714,1624,121.0,0.07450738916256158,7.45
6234,1608,127.0,0.07898009950248756,7.9
1107,1601,109.0,0.06808244846970643,6.81
4356,1601,94.0,0.05871330418488445,5.87
3010,1598,126.0,0.07884856070087609,7.88
118,1595,108.0,0.0677115987460815,6.77
2411,1592,198.0,0.12437185929648241,12.44
6315,1577,157.0,0.09955611921369689,9.96
57,1573,231.0,0.14685314685314685,14.69
3181,1572,135.0,0.08587786259541985,8.59
124,1568,126.0,0.08035714285714286,8.04
902,1560,93.0,0.05961538461538462,5.96
4627,1559,100.0,0.06414368184733804,6.41
5604,1551,104.0,0.0670535138620245,6.71
2738,1540,89.0,0.05779220779220779,5.78
1711,1536,84.0,0.0546875,5.47
2325,1524,179.0,0.11745406824146981,11.75
1854,1521,144.0,0.09467455621301775,9.47
1094,1519,93.0,0.061224489795918366,6.12
1183,1513,88.0,0.05816259087904825,5.82
5050,1507,137.0,0.09090909090909091,9.09
3073,1497,118.0,0.0788243152972612,7.88
262,1493,141.0,0.09444072337575352,9.44
277,1491,61.0,0.0409121395036888,4.09
64,1488,70.0,0.04704301075268817,4.7
5797,1486,88.0,0.059219380888290714,5.92
1339,1476,95.0,0.06436314363143632,6.44
408,1473,84.0,0.05702647657841141,5.7
4626,1472,70.0,0.04755434782608696,4.76
301,1468,77.0,0.052452316076294275,5.25
1330,1443,96.0,0.06652806652806653,6.65
962,1440,112.0,0.07777777777777778,7.78
6257,1421,221.0,0.15552427867698804,15.55
6974,1412,43.0,0.030453257790368272,3.05
4670,1401,107.0,0.07637401855817273,7.64
496,1394,83.0,0.05954088952654232,5.95
6466,1390,102.0,0.07338129496402877,7.34
1155,1381,98.0,0.07096307023895727,7.1
3550,1376,76.0,0.055232558139534885,5.52
2419,1371,96.0,0.0700218818380744,7.0
6567,1370,98.0,0.07153284671532846,7.15
1587,1368,73.0,0.0533625730994152,5.34
2297,1362,103.0,0.07562408223201175,7.56
2832,1358,93.0,0.06848306332842416,6.85
2274,1355,81.0,0.05977859778597786,5.98
5418,1344,103.0,0.07663690476190477,7.66
6910,1341,123.0,0.09172259507829977,9.17
3593,1337,118.0,0.08825729244577413,8.83
382,1327,99.0,0.0746043707611153,7.46
4731,1324,81.0,0.06117824773413897,6.12
6448,1318,116.0,0.08801213960546282,8.8
1277,1311,140.0,0.10678871090770405,10.68
683,1305,99.0,0.07586206896551724,7.59
6876,1304,170.0,0.1303680981595092,13.04
995,1300,116.0,0.08923076923076922,8.92
2888,1292,93.0,0.07198142414860681,7.2
5095,1289,82.0,0.06361520558572537,6.36
1727,1287,63.0,0.04895104895104895,4.9
1325,1285,80.0,0.0622568093385214,6.23
1822,1279,87.0,0.06802189210320563,6.8
2935,1276,72.0,0.05642633228840126,5.64
4624,1266,99.0,0.07819905213270142,7.82
2313,1266,101.0,0.07977883096366509,7.98
882,1257,120.0,0.0954653937947494,9.55
1397,1253,77.0,0.061452513966480445,6.15
1090,1244,129.0,0.10369774919614148,10.37
5409,1238,88.0,0.07108239095315025,7.11
3727,1229,73.0,0.059397884458909686,5.94
4212,1226,116.0,0.09461663947797716,9.46
6892,1224,92.0,0.07516339869281045,7.52
6167,1213,214.0,0.17642209398186315,17.64
665,1212,158.0,0.13036303630363036,13.04
4029,1207,109.0,0.09030654515327258,9.03
6883,1206,93.0,0.07711442786069651,7.71
4935,1205,86.0,0.07136929460580912,7.14
4215,1202,75.0,0.06239600665557404,6.24
3173,1200,58.0,0.04833333333333333,4.83
4679,1198,83.0,0.06928213689482471,6.93
4209,1195,45.0,0.03765690376569038,3.77
5152,1193,82.0,0.06873428331936295,6.87
5537,1191,118.0,0.09907640638119228,9.91
632,1191,135.0,0.11335012594458438,11.34
580,1178,104.0,0.08828522920203735,8.83
5959,1177,125.0,0.10620220900594732,10.62
5058,1175,64.0,0.05446808510638298,5.45
4245,1175,95.0,0.08085106382978724,8.09
3760,1172,92.0,0.07849829351535836,7.85
1821,1172,78.0,0.06655290102389079,6.66
652,1170,71.0,0.06068376068376068,6.07
52,1169,164.0,0.14029084687767324,14.03
2881,1167,93.0,0.07969151670951156,7.97
635,1165,57.0,0.048927038626609444,4.89
2138,1164,56.0,0.048109965635738834,4.81
2430,1163,92.0,0.07910576096302666,7.91
3016,1162,119.0,0.10240963855421686,10.24
2584,1161,94.0,0.08096468561584841,8.1
1461,1159,53.0,0.0457290767903365,4.57
4044,1158,100.0,0.08635578583765112,8.64
2492,1157,70.0,0.06050129645635264,6.05
494,1150,69.0,0.06,6.0
985,1149,135.0,0.1174934725848564,11.75
1263,1147,112.0,0.0976460331299041,9.76
4282,1146,74.0,0.06457242582897033,6.46
1568,1146,94.0,0.08202443280977312,8.2
5549,1141,116.0,0.1016652059596845,10.17
4530,1140,75.0,0.06578947368421052,6.58
2142,1138,55.0,0.048330404217926184,4.83
5501,1134,97.0,0.0855379188712522,8.55
304,1127,116.0,0.10292812777284827,10.29
822,1125,83.0,0.07377777777777778,7.38
1106,1122,67.0,0.059714795008912656,5.97
2537,1117,84.0,0.07520143240823635,7.52
4619,1117,77.0,0.06893464637421665,6.89
1995,1117,87.0,0.07788719785138765,7.79
2213,1117,157.0,0.1405550581915846,14.06
2762,1116,99.0,0.08870967741935484,8.87
6001,1114,86.0,0.07719928186714542,7.72
6460,1109,83.0,0.07484220018034266,7.48
4647,1108,68.0,0.061371841155234655,6.14
3759,1106,184.0,0.16636528028933092,16.64
1058,1105,59.0,0.05339366515837104,5.34
4595,1099,81.0,0.07370336669699727,7.37
333,1084,71.0,0.06549815498154982,6.55
3998,1082,74.0,0.06839186691312385,6.84
4656,1079,56.0,0.051899907321594066,5.19
4388,1077,78.0,0.07242339832869081,7.24
1510,1066,69.0,0.0647279549718574,6.47
1895,1062,50.0,0.047080979284369114,4.71
1252,1060,66.0,0.062264150943396226,6.23
6794,1059,151.0,0.14258734655335223,14.26
1786,1058,83.0,0.07844990548204159,7.84
1611,1056,77.0,0.07291666666666667,7.29
2174,1055,63.0,0.05971563981042654,5.97
5969,1053,143.0,0.13580246913580246,13.58
6198,1052,51.0,0.04847908745247148,4.85
3672,1048,95.0,0.09064885496183206,9.06
6125,1046,52.0,0.0497131931166348,4.97
6734,1041,46.0,0.04418828049951969,4.42
1162,1039,55.0,0.05293551491819057,5.29
6164,1032,65.0,0.06298449612403101,6.3
5358,1027,65.0,0.06329113924050633,6.33
1138,1026,189.0,0.18421052631578946,18.42
5572,1023,108.0,0.10557184750733138,10.56
2475,1020,60.0,0.058823529411764705,5.88
6381,1017,68.0,0.06686332350049164,6.69
3950,1016,74.0,0.07283464566929133,7.28
3467,1013,59.0,0.05824284304047384,5.82
2683,1008,79.0,0.07837301587301587,7.84
3576,1006,68.0,0.06759443339960239,6.76
4877,1006,44.0,0.0437375745526839,4.37
1449,998,92.0,0.09218436873747494,9.22
58,996,123.0,0.12349397590361445,12.35
5062,995,61.0,0.061306532663316586,6.13
5764,993,64.0,0.06445115810674723,6.45
241,990,83.0,0.08383838383838384,8.38
6059,988,62.0,0.06275303643724696,6.28
6012,982,73.0,0.07433808553971487,7.43
2203,982,61.0,0.062118126272912425,6.21
6679,981,63.0,0.06422018348623854,6.42
559,981,179.0,0.18246687054026503,18.25
4827,977,93.0,0.09518935516888434,9.52
642,974,72.0,0.07392197125256673,7.39
2386,965,78.0,0.08082901554404145,8.08
1357,965,62.0,0.06424870466321243,6.42
4712,957,39.0,0.04075235109717868,4.08
989,957,82.0,0.08568443051201671,8.57
5999,956,67.0,0.0700836820083682,7.01
49,953,116.0,0.12172088142707241,12.17
5620,952,73.0,0.07668067226890757,7.67
2598,948,77.0,0.08122362869198312,8.12
1392,942,104.0,0.11040339702760085,11.04
529,940,76.0,0.08085106382978724,8.09
4146,937,72.0,0.0768409818569904,7.68
899,931,65.0,0.06981740064446831,6.98
4611,929,56.0,0.060279870828848225,6.03
4514,929,36.0,0.038751345532831,3.88
341,922,86.0,0.09327548806941431,9.33
1729,921,61.0,0.06623235613463627,6.62
6332,917,100.0,0.10905125408942203,10.91
4430,912,84.0,0.09210526315789473,9.21
6228,905,29.0,0.032044198895027624,3.2
3738,903,61.0,0.06755260243632337,6.76
6207,901,123.0,0.1365149833518313,13.65
1073,900,56.0,0.06222222222222222,6.22
5074,900,136.0,0.1511111111111111,15.11
5655,898,63.0,0.07015590200445435,7.02
6641,893,41.0,0.04591265397536394,4.59
4898,890,118.0,0.13258426966292136,13.26
4793,889,62.0,0.06974128233970754,6.97
738,883,55.0,0.0622876557191393,6.23
5751,882,73.0,0.08276643990929705,8.28
6950,875,46.0,0.052571428571428575,5.26
3732,872,51.0,0.058486238532110095,5.85
1257,872,68.0,0.0779816513761468,7.8
1936,872,73.0,0.08371559633027523,8.37
667,871,52.0,0.05970149253731343,5.97
1919,869,44.0,0.05063291139240506,5.06
2434,864,47.0,0.05439814814814815,5.44
4573,862,91.0,0.10556844547563805,10.56
3715,860,49.0,0.056976744186046514,5.7
2355,859,67.0,0.0779976717112922,7.8
5123,855,80.0,0.0935672514619883,9.36
6707,854,54.0,0.06323185011709602,6.32
4340,852,63.0,0.07394366197183098,7.39
4077,852,45.0,0.0528169014084507,5.28
2455,850,63.0,0.07411764705882352,7.41
4122,849,99.0,0.1166077738515901,11.66
1193,846,48.0,0.05673758865248227,5.67
2381,842,59.0,0.07007125890736342,7.01
3534,842,27.0,0.032066508313539195,3.21
3680,841,69.0,0.08204518430439953,8.2
3963,838,56.0,0.06682577565632458,6.68
4887,838,44.0,0.05250596658711217,5.25
4355,838,106.0,0.12649164677804295,12.65
1453,838,59.0,0.07040572792362769,7.04
4454,832,80.0,0.09615384615384616,9.62
5259,829,54.0,0.06513872135102533,6.51
1790,826,45.0,0.05447941888619855,5.45
1111,823,72.0,0.08748481166464156,8.75
1004,823,60.0,0.07290400972053462,7.29
2915,822,69.0,0.08394160583941605,8.39
6765,820,56.0,0.06829268292682927,6.83
6605,820,98.0,0.11951219512195121,11.95
5790,820,65.0,0.07926829268292683,7.93
5946,817,53.0,0.06487148102815178,6.49
1890,817,51.0,0.06242350061199511,6.24
1742,816,66.0,0.08088235294117647,8.09
6900,814,58.0,0.07125307125307126,7.13
618,813,130.0,0.15990159901599016,15.99
5813,812,87.0,0.10714285714285714,10.71
6456,808,54.0,0.06683168316831684,6.68
2561,807,67.0,0.08302354399008674,8.3
5848,806,51.0,0.06327543424317618,6.33
5508,805,76.0,0.09440993788819876,9.44
1121,804,74.0,0.09203980099502487,9.2
3397,802,59.0,0.07356608478802992,7.36
4152,801,123.0,0.15355805243445692,15.36
406,799,74.0,0.09261576971214018,9.26
3051,798,81.0,0.10150375939849623,10.15
5858,796,73.0,0.09170854271356783,9.17
2813,795,52.0,0.06540880503144654,6.54
45,795,43.0,0.05408805031446541,5.41
4372,794,72.0,0.0906801007556675,9.07
5738,793,49.0,0.0617906683480454,6.18
450,793,50.0,0.06305170239596469,6.31
6569,792,40.0,0.050505050505050504,5.05
4726,789,60.0,0.07604562737642585,7.6
1989,787,64.0,0.08132147395171538,8.13
6120,784,85.0,0.10841836734693877,10.84
1719,781,62.0,0.0793854033290653,7.94
6404,780,58.0,0.07435897435897436,7.44
6689,780,45.0,0.057692307692307696,5.77
568,777,66.0,0.08494208494208494,8.49
2490,776,98.0,0.12628865979381443,12.63
3633,776,92.0,0.11855670103092783,11.86
3603,776,95.0,0.12242268041237113,12.24
5589,776,61.0,0.07860824742268041,7.86
5800,775,68.0,0.08774193548387096,8.77
1516,775,27.0,0.03483870967741935,3.48
4740,773,60.0,0.07761966364812418,7.76
1681,771,81.0,0.10505836575875487,10.51
2638,769,57.0,0.0741222366710013,7.41
5087,767,51.0,0.06649282920469361,6.65
6284,767,80.0,0.10430247718383312,10.43
6351,765,96.0,0.12549019607843137,12.55
194,765,115.0,0.1503267973856209,15.03
3321,764,62.0,0.08115183246073299,8.12
1686,764,74.0,0.0968586387434555,9.69
1048,762,60.0,0.07874015748031496,7.87
5756,760,56.0,0.07368421052631578,7.37
5573,756,56.0,0.07407407407407407,7.41
446,755,70.0,0.09271523178807947,9.27
4336,751,78.0,0.10386151797603196,10.39
5804,750,56.0,0.07466666666666667,7.47
6708,750,47.0,0.06266666666666666,6.27
4810,747,68.0,0.09103078982597054,9.1
2051,747,42.0,0.05622489959839357,5.62
5043,745,52.0,0.0697986577181208,6.98
366,743,87.0,0.11709286675639301,11.71
2909,742,46.0,0.06199460916442048,6.2
795,741,37.0,0.04993252361673414,4.99
5667,741,59.0,0.0796221322537112,7.96
1467,739,37.0,0.05006765899864682,5.01
5112,738,71.0,0.09620596205962059,9.62
2613,735,55.0,0.07482993197278912,7.48
2841,735,68.0,0.09251700680272108,9.25
3297,730,69.0,0.09452054794520548,9.45
4513,727,48.0,0.06602475928473177,6.6
5424,726,25.0,0.03443526170798898,3.44
1819,726,45.0,0.06198347107438017,6.2
3199,720,56.0,0.07777777777777778,7.78
946,720,45.0,0.0625,6.25
6962,716,53.0,0.07402234636871509,7.4
3362,715,57.0,0.07972027972027972,7.97
4899,714,61.0,0.08543417366946779,8.54
4452,712,35.0,0.04915730337078652,4.92
4787,712,37.0,0.05196629213483146,5.2
5702,709,72.0,0.10155148095909731,10.16
6651,709,58.0,0.08180535966149506,8.18
5315,705,58.0,0.08226950354609928,8.23
4498,702,39.0,0.05555555555555555,5.56
3666,702,53.0,0.0754985754985755,7.55
2511,701,27.0,0.03851640513552068,3.85
6498,700,36.0,0.05142857142857143,5.14
156,699,40.0,0.05722460658082976,5.72
1894,698,70.0,0.10028653295128939,10.03
3314,698,52.0,0.07449856733524356,7.45
6698,698,47.0,0.0673352435530086,6.73
3177,697,33.0,0.047345767575322814,4.73
1897,696,34.0,0.04885057471264368,4.89
4064,692,25.0,0.036127167630057806,3.61
5834,692,39.0,0.05635838150289017,5.64
5544,692,42.0,0.06069364161849711,6.07
2362,690,48.0,0.06956521739130435,6.96
6039,688,42.0,0.061046511627906974,6.1
3238,688,64.0,0.09302325581395349,9.3
2644,688,36.0,0.05232558139534884,5.23
2048,687,45.0,0.06550218340611354,6.55
5564,686,42.0,0.061224489795918366,6.12
5294,683,39.0,0.05710102489019034,5.71
3739,683,41.0,0.060029282576866766,6.0
622,681,41.0,0.06020558002936858,6.02
4570,679,24.0,0.035346097201767304,3.53
6490,679,32.0,0.047128129602356406,4.71
5522,678,40.0,0.058997050147492625,5.9
613,677,42.0,0.0620384047267356,6.2
1200,675,63.0,0.09333333333333334,9.33
5645,674,57.0,0.08456973293768547,8.46
3807,672,46.0,0.06845238095238096,6.85
3025,672,53.0,0.07886904761904762,7.89
6959,670,47.0,0.07014925373134329,7.01
4310,669,52.0,0.07772795216741404,7.77
2170,669,56.0,0.08370702541106129,8.37
175,668,49.0,0.07335329341317365,7.34
1546,667,45.0,0.06746626686656672,6.75
3323,666,30.0,0.04504504504504504,4.5
2646,666,48.0,0.07207207207207207,7.21
5083,665,41.0,0.061654135338345864,6.17
6834,662,49.0,0.07401812688821752,7.4
533,662,52.0,0.07854984894259819,7.85
1697,660,39.0,0.05909090909090909,5.91
2604,659,26.0,0.03945371775417299,3.95
1154,659,44.0,0.06676783004552352,6.68
2667,658,37.0,0.05623100303951368,5.62
4888,658,55.0,0.08358662613981763,8.36
5068,657,47.0,0.0715372907153729,7.15
3460,655,90.0,0.13740458015267176,13.74
4833,650,34.0,0.052307692307692305,5.23
3099,648,38.0,0.05864197530864197,5.86
31,646,38.0,0.058823529411764705,5.88
6710,642,62.0,0.09657320872274143,9.66
2181,641,75.0,0.11700468018720749,11.7
4795,641,38.0,0.059282371294851796,5.93
10,637,34.0,0.05337519623233909,5.34
5763,637,56.0,0.08791208791208792,8.79
1848,637,48.0,0.07535321821036106,7.54
4852,637,53.0,0.08320251177394035,8.32
3665,636,48.0,0.07547169811320754,7.55
582,636,25.0,0.03930817610062893,3.93
2675,636,61.0,0.0959119496855346,9.59
6168,634,75.0,0.11829652996845426,11.83
3019,633,39.0,0.061611374407582936,6.16
6028,632,55.0,0.08702531645569621,8.7
2087,631,51.0,0.08082408874801902,8.08
4042,628,77.0,0.12261146496815287,12.26
5689,626,81.0,0.12939297124600638,12.94
5792,626,46.0,0.07348242811501597,7.35
4798,626,60.0,0.09584664536741214,9.58
4006,625,55.0,0.088,8.8
4617,623,79.0,0.12680577849117175,12.68
1417,622,47.0,0.07556270096463022,7.56
1440,622,42.0,0.06752411575562701,6.75
1583,622,39.0,0.06270096463022508,6.27
3468,618,34.0,0.05501618122977346,5.5
2012,618,26.0,0.042071197411003236,4.21
110,617,28.0,0.04538087520259319,4.54
4657,616,49.0,0.07954545454545454,7.95
2651,616,34.0,0.05519480519480519,5.52
681,614,30.0,0.048859934853420196,4.89
4114,614,45.0,0.0732899022801303,7.33
4410,614,34.0,0.05537459283387622,5.54
2306,613,55.0,0.08972267536704731,8.97
5224,609,27.0,0.04433497536945813,4.43
1229,609,27.0,0.04433497536945813,4.43
3332,609,38.0,0.06239737274220033,6.24
288,606,30.0,0.04950495049504951,4.95
3411,605,34.0,0.05619834710743802,5.62
4279,605,23.0,0.03801652892561983,3.8
499,603,37.0,0.06135986733001658,6.14
4865,602,47.0,0.07807308970099668,7.81
4394,601,57.0,0.09484193011647254,9.48
6343,601,41.0,0.06821963394342762,6.82
5953,600,41.0,0.06833333333333333,6.83
2086,599,46.0,0.07679465776293823,7.68
127,597,50.0,0.08375209380234507,8.38
1771,597,34.0,0.05695142378559464,5.7
1724,595,23.0,0.03865546218487395,3.87
2346,595,49.0,0.08235294117647059,8.24
225,594,39.0,0.06565656565656566,6.57
2763,594,52.0,0.08754208754208755,8.75
4265,590,70.0,0.11864406779661017,11.86
5784,587,24.0,0.04088586030664395,4.09
3677,586,32.0,0.05460750853242321,5.46
117,585,30.0,0.05128205128205128,5.13
253,583,36.0,0.06174957118353345,6.17
1780,582,68.0,0.11683848797250859,11.68
3762,582,42.0,0.07216494845360824,7.22
5086,582,37.0,0.06357388316151202,6.36
4878,581,21.0,0.03614457831325301,3.61
6772,581,78.0,0.1342512908777969,13.43
5089,580,35.0,0.0603448275862069,6.03
1795,580,42.0,0.07241379310344828,7.24
3913,578,31.0,0.05363321799307959,5.36
5740,578,38.0,0.0657439446366782,6.57
5940,577,20.0,0.03466204506065858,3.47
6526,577,40.0,0.06932409012131716,6.93
672,575,45.0,0.0782608695652174,7.83
770,572,35.0,0.06118881118881119,6.12
6247,571,53.0,0.09281961471103327,9.28
5173,570,58.0,0.10175438596491228,10.18
1401,569,38.0,0.06678383128295255,6.68
1722,568,37.0,0.06514084507042253,6.51
4105,568,33.0,0.058098591549295774,5.81
5627,565,24.0,0.04247787610619469,4.25
1512,565,32.0,0.05663716814159292,5.66
4258,564,35.0,0.06205673758865248,6.21
519,564,34.0,0.06028368794326241,6.03
1536,563,36.0,0.06394316163410302,6.39
3938,563,41.0,0.07282415630550622,7.28
6124,562,42.0,0.07473309608540925,7.47
6297,562,29.0,0.051601423487544484,5.16
6127,561,52.0,0.09269162210338681,9.27
3088,560,41.0,0.07321428571428572,7.32
4932,560,50.0,0.08928571428571429,8.93
1954,559,28.0,0.05008944543828265,5.01
1118,559,65.0,0.11627906976744186,11.63
5787,558,45.0,0.08064516129032258,8.06
732,557,36.0,0.06463195691202872,6.46
5566,557,35.0,0.06283662477558348,6.28
3909,554,71.0,0.12815884476534295,12.82
1969,554,41.0,0.0740072202166065,7.4
6599,553,26.0,0.04701627486437613,4.7
5924,553,55.0,0.09945750452079566,9.95
1104,551,35.0,0.06352087114337568,6.35
6571,549,28.0,0.051001821493624776,5.1
3961,548,32.0,0.058394160583941604,5.84
265,547,34.0,0.062157221206581355,6.22
233,547,42.0,0.07678244972577697,7.68
4808,546,37.0,0.06776556776556776,6.78
5039,545,44.0,0.08073394495412844,8.07
2268,545,41.0,0.07522935779816514,7.52
3255,544,24.0,0.04411764705882353,4.41
4466,544,38.0,0.06985294117647059,6.99
1800,539,44.0,0.08163265306122448,8.16
689,537,48.0,0.0893854748603352,8.94
3596,535,35.0,0.06542056074766354,6.54
973,535,47.0,0.08785046728971962,8.79
1635,531,36.0,0.06779661016949153,6.78
5278,530,21.0,0.03962264150943396,3.96
975,527,36.0,0.0683111954459203,6.83
373,527,30.0,0.056925996204933584,5.69
4824,526,19.0,0.03612167300380228,3.61
3734,525,82.0,0.15619047619047619,15.62
1003,525,56.0,0.10666666666666667,10.67
3647,519,23.0,0.04431599229287091,4.43
2542,517,59.0,0.11411992263056092,11.41
3221,517,23.0,0.04448742746615087,4.45
6384,517,57.0,0.1102514506769826,11.03
1245,516,43.0,0.08333333333333333,8.33
812,515,54.0,0.10485436893203884,10.49
3003,512,35.0,0.068359375,6.84
5411,509,26.0,0.05108055009823183,5.11
77,507,30.0,0.05917159763313609,5.92
2520,507,25.0,0.04930966469428008,4.93
5090,506,49.0,0.09683794466403162,9.68
1785,505,46.0,0.09108910891089109,9.11
2124,505,62.0,0.12277227722772277,12.28
150,504,29.0,0.057539682539682536,5.75
1798,503,29.0,0.05765407554671968,5.77
483,502,67.0,0.13346613545816732,13.35
6459,502,33.0,0.06573705179282868,6.57
2553,502,32.0,0.06374501992031872,6.37
3101,502,42.0,0.08366533864541832,8.37
6791,502,29.0,0.05776892430278884,5.78
1374,501,21.0,0.041916167664670656,4.19
1769,501,48.0,0.09580838323353294,9.58
4285,500,30.0,0.06,6.0
5197,498,54.0,0.10843373493975904,10.84
1019,498,78.0,0.1566265060240964,15.66
1011,497,23.0,0.04627766599597585,4.63
4059,497,55.0,0.11066398390342053,11.07
3075,496,46.0,0.09274193548387097,9.27
2660,496,33.0,0.06653225806451613,6.65
3477,495,33.0,0.06666666666666667,6.67
2974,495,56.0,0.11313131313131314,11.31
6149,494,36.0,0.0728744939271255,7.29
4479,494,33.0,0.06680161943319839,6.68
5686,492,24.0,0.04878048780487805,4.88
947,489,19.0,0.03885480572597137,3.89
6092,489,70.0,0.14314928425357873,14.31
5220,489,39.0,0.07975460122699386,7.98
3061,488,38.0,0.0778688524590164,7.79
4924,488,25.0,0.05122950819672131,5.12
5762,487,41.0,0.08418891170431211,8.42
2729,487,48.0,0.09856262833675565,9.86
5669,487,24.0,0.049281314168377825,4.93
1571,486,38.0,0.07818930041152264,7.82
6919,484,23.0,0.047520661157024795,4.75
3831,483,37.0,0.07660455486542443,7.66
2150,482,47.0,0.0975103734439834,9.75
3126,481,48.0,0.0997920997920998,9.98
3090,479,31.0,0.06471816283924843,6.47
2835,479,33.0,0.06889352818371608,6.89
6825,477,42.0,0.0880503144654088,8.81
1676,477,31.0,0.0649895178197065,6.5
1436,475,36.0,0.07578947368421053,7.58
965,475,51.0,0.10736842105263159,10.74
4951,474,31.0,0.06540084388185655,6.54
4271,474,25.0,0.052742616033755275,5.27
4193,474,27.0,0.056962025316455694,5.7
1093,473,37.0,0.07822410147991543,7.82
4311,473,25.0,0.052854122621564484,5.29
3274,472,33.0,0.06991525423728813,6.99
6462,471,35.0,0.07430997876857749,7.43
1782,469,27.0,0.057569296375266525,5.76
4086,466,21.0,0.045064377682403435,4.51
6467,465,23.0,0.04946236559139785,4.95
4821,465,33.0,0.07096774193548387,7.1
5435,465,20.0,0.043010752688172046,4.3
4730,464,20.0,0.04310344827586207,4.31
6362,463,19.0,0.04103671706263499,4.1
1376,462,18.0,0.03896103896103896,3.9
1959,462,26.0,0.05627705627705628,5.63
3829,460,55.0,0.11956521739130435,11.96
1696,459,36.0,0.0784313725490196,7.84
2817,458,24.0,0.05240174672489083,5.24
3241,455,29.0,0.06373626373626373,6.37
6807,455,35.0,0.07692307692307693,7.69
2369,454,28.0,0.06167400881057269,6.17
2377,454,47.0,0.10352422907488987,10.35
6244,453,29.0,0.0640176600441501,6.4
6556,452,14.0,0.030973451327433628,3.1
3859,452,37.0,0.08185840707964602,8.19
4973,451,23.0,0.050997782705099776,5.1
5093,450,28.0,0.06222222222222222,6.22
878,450,37.0,0.08222222222222222,8.22
3299,450,17.0,0.03777777777777778,3.78
3417,449,35.0,0.0779510022271715,7.8
3772,448,32.0,0.07142857142857142,7.14
2995,447,38.0,0.08501118568232663,8.5
1833,444,34.0,0.07657657657657657,7.66
5816,444,11.0,0.024774774774774775,2.48
247,444,32.0,0.07207207207207207,7.21
767,443,26.0,0.05869074492099323,5.87
1704,443,27.0,0.060948081264108354,6.09
4642,442,18.0,0.04072398190045249,4.07
6732,442,31.0,0.07013574660633484,7.01
3610,442,78.0,0.17647058823529413,17.65
2302,441,29.0,0.06575963718820861,6.58
4459,441,29.0,0.06575963718820861,6.58
3461,441,29.0,0.06575963718820861,6.58
1359,440,21.0,0.04772727272727273,4.77
2008,438,20.0,0.045662100456621,4.57
3967,438,10.0,0.0228310502283105,2.28
4312,438,35.0,0.07990867579908675,7.99
4031,437,37.0,0.08466819221967964,8.47
1810,437,25.0,0.057208237986270026,5.72
4149,436,26.0,0.05963302752293578,5.96
4609,436,25.0,0.05733944954128441,5.73
4225,436,18.0,0.04128440366972477,4.13
6801,435,20.0,0.04597701149425287,4.6
2239,434,34.0,0.07834101382488479,7.83
5185,434,16.0,0.03686635944700461,3.69
2043,434,21.0,0.04838709677419355,4.84
1939,434,15.0,0.03456221198156682,3.46
302,433,44.0,0.10161662817551963,10.16
5798,432,29.0,0.06712962962962964,6.71
3817,432,24.0,0.05555555555555555,5.56
6767,432,45.0,0.10416666666666667,10.42
6301,431,34.0,0.07888631090487239,7.89
1247,431,30.0,0.06960556844547564,6.96
3876,430,21.0,0.04883720930232558,4.88
329,429,22.0,0.05128205128205128,5.13
3403,427,50.0,0.117096018735363,11.71
4591,427,35.0,0.08196721311475409,8.2
4382,426,21.0,0.04929577464788732,4.93
1427,425,38.0,0.08941176470588236,8.94
833,424,27.0,0.06367924528301887,6.37
3751,423,24.0,0.05673758865248227,5.67
3729,422,26.0,0.061611374407582936,6.16
579,422,42.0,0.0995260663507109,9.95
534,421,24.0,0.057007125890736345,5.7
6957,420,48.0,0.11428571428571428,11.43
1314,420,17.0,0.04047619047619048,4.05
5391,420,13.0,0.030952380952380953,3.1
1838,419,63.0,0.15035799522673032,15.04
1297,419,26.0,0.06205250596658711,6.21
2682,417,32.0,0.07673860911270983,7.67
2403,417,22.0,0.05275779376498801,5.28
699,417,109.0,0.26139088729016785,26.14
2765,416,18.0,0.04326923076923077,4.33
5570,416,32.0,0.07692307692307693,7.69
1752,415,22.0,0.05301204819277108,5.3
3962,415,28.0,0.06746987951807229,6.75
4635,414,32.0,0.07729468599033816,7.73
3905,414,31.0,0.0748792270531401,7.49
3414,414,14.0,0.033816425120772944,3.38
4103,414,16.0,0.03864734299516908,3.86
2164,414,29.0,0.07004830917874397,7.0
2913,414,36.0,0.08695652173913043,8.7
1465,413,24.0,0.05811138014527845,5.81
4297,413,23.0,0.05569007263922518,5.57
2543,413,43.0,0.10411622276029056,10.41
3483,412,24.0,0.05825242718446602,5.83
5561,411,26.0,0.06326034063260341,6.33
2760,410,22.0,0.05365853658536585,5.37
1572,409,26.0,0.06356968215158924,6.36
438,409,59.0,0.14425427872860636,14.43
6084,409,20.0,0.0488997555012225,4.89
1714,409,27.0,0.06601466992665037,6.6
6344,409,12.0,0.029339853300733496,2.93
4197,408,45.0,0.11029411764705882,11.03
3827,407,89.0,0.21867321867321868,21.87
2089,407,27.0,0.06633906633906633,6.63
2365,406,18.0,0.04433497536945813,4.43
3894,405,27.0,0.06666666666666667,6.67
5654,405,57.0,0.14074074074074075,14.07
4981,405,17.0,0.04197530864197531,4.2
5130,405,30.0,0.07407407407407407,7.41
5387,405,52.0,0.12839506172839507,12.84
2353,404,17.0,0.04207920792079208,4.21
3367,404,24.0,0.0594059405940594,5.94
4281,403,27.0,0.06699751861042183,6.7
154,402,33.0,0.08208955223880597,8.21
3700,401,20.0,0.04987531172069826,4.99
6123,401,22.0,0.05486284289276808,5.49
26,400,6.0,0.015,1.5
5943,400,30.0,0.075,7.5
691,400,38.0,0.095,9.5
4780,399,14.0,0.03508771929824561,3.51
6648,399,50.0,0.12531328320802004,12.53
6660,398,11.0,0.02763819095477387,2.76
3521,397,30.0,0.07556675062972293,7.56
1549,397,13.0,0.0327455919395466,3.27
4009,397,17.0,0.042821158690176324,4.28
991,397,17.0,0.042821158690176324,4.28
5228,396,37.0,0.09343434343434344,9.34
2857,396,29.0,0.07323232323232323,7.32
1470,396,15.0,0.03787878787878788,3.79
2396,394,28.0,0.07106598984771574,7.11
2975,394,21.0,0.0532994923857868,5.33
2457,394,40.0,0.10152284263959391,10.15
1907,394,11.0,0.027918781725888325,2.79
1,394,43.0,0.10913705583756345,10.91
886,393,28.0,0.07124681933842239,7.12
5272,393,41.0,0.10432569974554708,10.43
1541,392,21.0,0.05357142857142857,5.36
3036,390,17.0,0.04358974358974359,4.36
4484,389,42.0,0.10796915167095116,10.8
5400,389,47.0,0.12082262210796915,12.08
3923,389,29.0,0.07455012853470437,7.46
4576,389,47.0,0.12082262210796915,12.08
1741,388,16.0,0.041237113402061855,4.12
2593,387,23.0,0.059431524547803614,5.94
6216,386,23.0,0.05958549222797927,5.96
4879,386,21.0,0.054404145077720206,5.44
2320,386,25.0,0.06476683937823834,6.48
1309,385,21.0,0.05454545454545454,5.45
2744,385,39.0,0.1012987012987013,10.13
3281,385,20.0,0.05194805194805195,5.19
3198,385,34.0,0.08831168831168831,8.83
3058,385,32.0,0.08311688311688312,8.31
1015,384,28.0,0.07291666666666667,7.29
1414,384,20.0,0.052083333333333336,5.21
18,384,14.0,0.036458333333333336,3.65
2503,384,54.0,0.140625,14.06
6096,383,20.0,0.05221932114882506,5.22
266,383,32.0,0.0835509138381201,8.36
914,383,20.0,0.05221932114882506,5.22
1174,382,24.0,0.06282722513089005,6.28
4739,382,21.0,0.0549738219895288,5.5
3942,382,30.0,0.07853403141361257,7.85
1935,381,26.0,0.06824146981627296,6.82
2438,381,20.0,0.05249343832020997,5.25
530,381,20.0,0.05249343832020997,5.25
1452,380,23.0,0.060526315789473685,6.05
6437,377,40.0,0.10610079575596817,10.61
6701,377,19.0,0.050397877984084884,5.04
4529,377,23.0,0.0610079575596817,6.1
891,377,31.0,0.08222811671087533,8.22
3284,375,22.0,0.058666666666666666,5.87
542,375,33.0,0.088,8.8
4341,374,16.0,0.0427807486631016,4.28
1402,374,16.0,0.0427807486631016,4.28
44,374,31.0,0.08288770053475936,8.29
5736,373,21.0,0.05630026809651475,5.63
1259,373,22.0,0.058981233243967826,5.9
4109,373,23.0,0.06166219839142091,6.17
3235,373,21.0,0.05630026809651475,5.63
6527,373,20.0,0.05361930294906166,5.36
4910,372,19.0,0.051075268817204304,5.11
2259,371,21.0,0.05660377358490566,5.66
6947,371,22.0,0.05929919137466307,5.93
1365,370,31.0,0.08378378378378379,8.38
6875,370,22.0,0.05945945945945946,5.95
2840,370,29.0,0.07837837837837838,7.84
2295,370,25.0,0.06756756756756757,6.76
1960,367,36.0,0.09809264305177112,9.81
2323,366,25.0,0.06830601092896176,6.83
1134,366,22.0,0.060109289617486336,6.01
4999,366,33.0,0.09016393442622951,9.02
386,366,23.0,0.06284153005464481,6.28
5915,366,21.0,0.05737704918032787,5.74
5674,365,25.0,0.0684931506849315,6.85
5364,364,17.0,0.046703296703296704,4.67
6126,363,19.0,0.05234159779614325,5.23
3026,363,23.0,0.06336088154269973,6.34
5267,363,21.0,0.05785123966942149,5.79
2696,363,31.0,0.08539944903581267,8.54
5720,362,26.0,0.0718232044198895,7.18
392,362,16.0,0.04419889502762431,4.42
1403,361,25.0,0.06925207756232687,6.93
3688,361,16.0,0.0443213296398892,4.43
4164,360,22.0,0.06111111111111111,6.11
5560,360,24.0,0.06666666666666667,6.67
1399,358,32.0,0.0893854748603352,8.94
6395,357,24.0,0.06722689075630252,6.72
2188,354,25.0,0.07062146892655367,7.06
6215,354,34.0,0.096045197740113,9.6
378,354,18.0,0.05084745762711865,5.08
739,353,26.0,0.07365439093484419,7.37
5852,352,26.0,0.07386363636363637,7.39
1105,352,42.0,0.11931818181818182,11.93
1518,352,23.0,0.06534090909090909,6.53
6872,351,22.0,0.06267806267806268,6.27
3726,351,22.0,0.06267806267806268,6.27
4950,350,22.0,0.06285714285714286,6.29
227,349,32.0,0.09169054441260745,9.17
4256,348,25.0,0.07183908045977011,7.18
2066,348,39.0,0.11206896551724138,11.21
63,348,49.0,0.14080459770114942,14.08
2882,348,17.0,0.04885057471264368,4.89
5520,348,35.0,0.10057471264367816,10.06
931,347,7.0,0.020172910662824207,2.02
3370,347,17.0,0.04899135446685879,4.9
1814,347,6.0,0.01729106628242075,1.73
3475,347,26.0,0.07492795389048991,7.49
5605,345,35.0,0.10144927536231885,10.14
331,345,10.0,0.028985507246376812,2.9
3513,344,38.0,0.11046511627906977,11.05
2003,344,14.0,0.040697674418604654,4.07
4222,344,23.0,0.06686046511627906,6.69
3590,344,27.0,0.07848837209302326,7.85
5363,344,10.0,0.029069767441860465,2.91
3383,343,16.0,0.04664723032069971,4.66
2016,343,28.0,0.08163265306122448,8.16
1083,342,17.0,0.049707602339181284,4.97
6782,341,23.0,0.06744868035190615,6.74
4238,340,42.0,0.12352941176470589,12.35
5401,340,23.0,0.06764705882352941,6.76
4792,339,21.0,0.061946902654867256,6.19
2375,339,9.0,0.02654867256637168,2.65
5366,338,19.0,0.05621301775147929,5.62
3196,338,15.0,0.04437869822485207,4.44
6851,338,23.0,0.06804733727810651,6.8
383,338,62.0,0.1834319526627219,18.34
5189,338,13.0,0.038461538461538464,3.85
5433,337,28.0,0.0830860534124629,8.31
6677,337,40.0,0.11869436201780416,11.87
5463,337,28.0,0.0830860534124629,8.31
6908,337,10.0,0.02967359050445104,2.97
6613,336,20.0,0.05952380952380952,5.95
3243,336,27.0,0.08035714285714286,8.04
4746,336,25.0,0.0744047619047619,7.44
1086,335,14.0,0.041791044776119404,4.18
337,335,31.0,0.09253731343283582,9.25
1137,335,33.0,0.09850746268656717,9.85
5168,334,25.0,0.0748502994011976,7.49
974,334,20.0,0.059880239520958084,5.99
571,334,42.0,0.12574850299401197,12.57
5397,333,18.0,0.05405405405405406,5.41
4194,333,29.0,0.08708708708708708,8.71
465,331,13.0,0.03927492447129909,3.93
3034,331,26.0,0.07854984894259819,7.85
678,330,12.0,0.03636363636363636,3.64
3881,330,39.0,0.11818181818181818,11.82
3246,329,20.0,0.060790273556231005,6.08
5966,329,12.0,0.0364741641337386,3.65
2237,329,20.0,0.060790273556231005,6.08
459,328,14.0,0.042682926829268296,4.27
5088,328,24.0,0.07317073170731707,7.32
228,327,49.0,0.14984709480122324,14.98
6787,327,26.0,0.07951070336391437,7.95
6769,327,14.0,0.04281345565749235,4.28
6956,326,33.0,0.10122699386503067,10.12
3924,326,26.0,0.07975460122699386,7.98
6628,326,20.0,0.06134969325153374,6.13
1034,326,19.0,0.05828220858895705,5.83
1114,325,13.0,0.04,4.0
6326,325,23.0,0.07076923076923076,7.08
3225,325,22.0,0.06769230769230769,6.77
893,324,27.0,0.08333333333333333,8.33
2680,324,16.0,0.04938271604938271,4.94
411,324,26.0,0.08024691358024691,8.02
1167,324,22.0,0.06790123456790123,6.79
6967,324,18.0,0.05555555555555555,5.56
5546,323,17.0,0.05263157894736842,5.26
251,321,19.0,0.059190031152647975,5.92
6048,321,29.0,0.09034267912772585,9.03
4313,321,14.0,0.04361370716510903,4.36
5077,321,21.0,0.06542056074766354,6.54
671,321,18.0,0.056074766355140186,5.61
6424,319,12.0,0.03761755485893417,3.76
174,319,15.0,0.047021943573667714,4.7
470,319,26.0,0.08150470219435736,8.15
5306,318,24.0,0.07547169811320754,7.55
1585,318,37.0,0.11635220125786164,11.64
6026,318,41.0,0.1289308176100629,12.89
5596,316,27.0,0.08544303797468354,8.54
5799,316,10.0,0.03164556962025317,3.16
4017,316,19.0,0.060126582278481014,6.01
455,316,50.0,0.15822784810126583,15.82
2022,315,21.0,0.06666666666666667,6.67
5186,315,23.0,0.07301587301587302,7.3
1466,315,23.0,0.07301587301587302,7.3
5454,314,8.0,0.025477707006369428,2.55
2655,313,11.0,0.03514376996805112,3.51
1637,313,25.0,0.07987220447284345,7.99
6739,313,12.0,0.038338658146964855,3.83
1378,312,18.0,0.057692307692307696,5.77
6416,312,19.0,0.060897435897435896,6.09
1317,310,23.0,0.07419354838709677,7.42
713,310,49.0,0.15806451612903225,15.81
39,310,24.0,0.07741935483870968,7.74
4682,309,14.0,0.045307443365695796,4.53
2427,308,22.0,0.07142857142857142,7.14
66,308,34.0,0.11038961038961038,11.04
679,308,20.0,0.06493506493506493,6.49
1435,308,20.0,0.06493506493506493,6.49
1426,308,9.0,0.02922077922077922,2.92
2117,307,49.0,0.15960912052117263,15.96
3278,307,21.0,0.06840390879478828,6.84
5343,307,11.0,0.035830618892508145,3.58
990,307,20.0,0.06514657980456026,6.51
2622,307,14.0,0.04560260586319218,4.56
6408,306,29.0,0.09477124183006536,9.48
2318,305,21.0,0.06885245901639345,6.89
2363,304,16.0,0.05263157894736842,5.26
6141,304,23.0,0.0756578947368421,7.57
401,304,13.0,0.04276315789473684,4.28
1647,304,16.0,0.05263157894736842,5.26
535,304,18.0,0.05921052631578947,5.92
2814,302,23.0,0.076158940397351,7.62
6305,301,20.0,0.0664451827242525,6.64
1457,300,16.0,0.05333333333333334,5.33
261,300,14.0,0.04666666666666667,4.67
256,300,13.0,0.043333333333333335,4.33
2322,300,24.0,0.08,8.0
1194,300,22.0,0.07333333333333333,7.33
563,299,16.0,0.05351170568561873,5.35
5515,299,17.0,0.056856187290969896,5.69
6684,298,9.0,0.030201342281879196,3.02
3499,298,36.0,0.12080536912751678,12.08
2789,298,14.0,0.04697986577181208,4.7
490,298,26.0,0.087248322147651,8.72
5685,298,18.0,0.06040268456375839,6.04
105,297,11.0,0.037037037037037035,3.7
6837,297,16.0,0.05387205387205387,5.39
3613,297,46.0,0.15488215488215487,15.49
2759,297,13.0,0.04377104377104377,4.38
1956,297,24.0,0.08080808080808081,8.08
6680,296,12.0,0.04054054054054054,4.05
1496,296,6.0,0.02027027027027027,2.03
4556,295,8.0,0.02711864406779661,2.71
5479,295,83.0,0.28135593220338984,28.14
1942,294,34.0,0.11564625850340136,11.56
444,294,19.0,0.06462585034013606,6.46
6966,294,20.0,0.06802721088435375,6.8
344,294,10.0,0.034013605442176874,3.4
4397,293,35.0,0.11945392491467577,11.95
3158,293,14.0,0.04778156996587031,4.78
4575,292,13.0,0.04452054794520548,4.45
1849,292,11.0,0.03767123287671233,3.77
6871,292,29.0,0.09931506849315068,9.93
3124,290,28.0,0.09655172413793103,9.66
538,290,15.0,0.05172413793103448,5.17
3214,290,16.0,0.05517241379310345,5.52
6579,290,22.0,0.07586206896551724,7.59
6675,289,18.0,0.06228373702422145,6.23
1262,289,25.0,0.08650519031141868,8.65
5420,289,23.0,0.07958477508650519,7.96
4445,289,13.0,0.04498269896193772,4.5
3204,287,28.0,0.0975609756097561,9.76
3142,286,18.0,0.06293706293706294,6.29
186,286,21.0,0.07342657342657342,7.34
5175,286,10.0,0.03496503496503497,3.5
908,285,20.0,0.07017543859649122,7.02
1653,285,22.0,0.07719298245614035,7.72
5352,285,26.0,0.0912280701754386,9.12
6110,284,9.0,0.03169014084507042,3.17
2811,284,15.0,0.0528169014084507,5.28
4078,283,24.0,0.08480565371024736,8.48
2467,283,10.0,0.0353356890459364,3.53
4363,283,20.0,0.0706713780918728,7.07
1605,283,10.0,0.0353356890459364,3.53
6770,283,13.0,0.045936395759717315,4.59
3011,282,8.0,0.028368794326241134,2.84
5815,282,16.0,0.05673758865248227,5.67
3811,282,28.0,0.09929078014184398,9.93
840,281,19.0,0.06761565836298933,6.76
4955,281,24.0,0.08540925266903915,8.54
3474,281,35.0,0.12455516014234876,12.46
4807,280,17.0,0.060714285714285714,6.07
4789,280,21.0,0.075,7.5
5166,279,32.0,0.11469534050179211,11.47
396,279,14.0,0.05017921146953405,5.02
2671,279,20.0,0.07168458781362007,7.17
4328,278,28.0,0.10071942446043165,10.07
6953,278,16.0,0.05755395683453238,5.76
2522,278,23.0,0.08273381294964029,8.27
2476,277,18.0,0.06498194945848375,6.5
5009,277,26.0,0.09386281588447654,9.39
2788,277,18.0,0.06498194945848375,6.5
1743,277,12.0,0.04332129963898917,4.33
1908,277,25.0,0.09025270758122744,9.03
6355,276,13.0,0.04710144927536232,4.71
1035,276,17.0,0.06159420289855073,6.16
5523,276,14.0,0.050724637681159424,5.07
827,276,13.0,0.04710144927536232,4.71
202,276,25.0,0.09057971014492754,9.06
427,275,11.0,0.04,4.0
4669,275,5.0,0.01818181818181818,1.82
5827,274,22.0,0.08029197080291971,8.03
4702,274,19.0,0.06934306569343066,6.93
4050,273,14.0,0.05128205128205128,5.13
82,273,13.0,0.047619047619047616,4.76
2952,273,13.0,0.047619047619047616,4.76
4729,272,9.0,0.03308823529411765,3.31
888,272,28.0,0.10294117647058823,10.29
2485,272,14.0,0.051470588235294115,5.15
6674,271,32.0,0.11808118081180811,11.81
2433,271,15.0,0.055350553505535055,5.54
4276,271,24.0,0.08856088560885608,8.86
628,271,11.0,0.04059040590405904,4.06
4188,270,11.0,0.040740740740740744,4.07
3189,270,14.0,0.05185185185185185,5.19
2040,270,21.0,0.07777777777777778,7.78
4049,269,12.0,0.04460966542750929,4.46
6580,269,17.0,0.06319702602230483,6.32
6552,269,17.0,0.06319702602230483,6.32
5117,268,15.0,0.055970149253731345,5.6
6841,268,12.0,0.04477611940298507,4.48
849,268,15.0,0.055970149253731345,5.6
3795,267,31.0,0.11610486891385768,11.61
721,267,25.0,0.09363295880149813,9.36
4696,266,12.0,0.045112781954887216,4.51
5760,266,13.0,0.04887218045112782,4.89
6190,266,31.0,0.11654135338345864,11.65
1178,265,16.0,0.06037735849056604,6.04
6758,265,17.0,0.06415094339622641,6.42
128,264,17.0,0.06439393939393939,6.44
1188,264,12.0,0.045454545454545456,4.55
6777,263,12.0,0.045627376425855515,4.56
5066,263,16.0,0.060836501901140684,6.08
2869,263,13.0,0.049429657794676805,4.94
5136,262,20.0,0.07633587786259542,7.63
3706,262,66.0,0.25190839694656486,25.19
5193,262,7.0,0.026717557251908396,2.67
6134,261,12.0,0.04597701149425287,4.6
5984,260,16.0,0.06153846153846154,6.15
3682,260,7.0,0.026923076923076925,2.69
6400,260,30.0,0.11538461538461539,11.54
4022,260,7.0,0.026923076923076925,2.69
3271,260,13.0,0.05,5.0
2829,260,6.0,0.023076923076923078,2.31
6391,260,16.0,0.06153846153846154,6.15
915,259,18.0,0.0694980694980695,6.95
3272,259,15.0,0.05791505791505792,5.79
1617,259,16.0,0.06177606177606178,6.18
2906,259,7.0,0.02702702702702703,2.7
4180,258,30.0,0.11627906976744186,11.63
4051,258,10.0,0.03875968992248062,3.88
2858,257,7.0,0.027237354085603113,2.72
825,257,12.0,0.04669260700389105,4.67
3437,256,25.0,0.09765625,9.77
6205,256,20.0,0.078125,7.81
1045,255,11.0,0.043137254901960784,4.31
1832,255,33.0,0.12941176470588237,12.94
6018,255,17.0,0.06666666666666667,6.67
2300,254,45.0,0.17716535433070865,17.72
4592,254,29.0,0.1141732283464567,11.42
4519,254,8.0,0.031496062992125984,3.15
5142,254,16.0,0.06299212598425197,6.3
5713,254,18.0,0.07086614173228346,7.09
4949,253,8.0,0.03162055335968379,3.16
3650,253,12.0,0.04743083003952569,4.74
4770,253,12.0,0.04743083003952569,4.74
1841,253,17.0,0.06719367588932806,6.72
5046,253,21.0,0.08300395256916997,8.3
2594,253,16.0,0.06324110671936758,6.32
5558,252,64.0,0.25396825396825395,25.4
570,252,46.0,0.18253968253968253,18.25
250,252,20.0,0.07936507936507936,7.94
1703,252,42.0,0.16666666666666666,16.67
5022,252,6.0,0.023809523809523808,2.38
1539,251,15.0,0.05976095617529881,5.98
692,251,17.0,0.06772908366533864,6.77
3577,251,44.0,0.1752988047808765,17.53
259,250,15.0,0.06,6.0
5992,250,18.0,0.072,7.2
2028,249,9.0,0.03614457831325301,3.61
1803,248,19.0,0.07661290322580645,7.66
941,247,16.0,0.06477732793522267,6.48
3705,247,12.0,0.048582995951417005,4.86
1689,247,27.0,0.10931174089068826,10.93
5844,247,11.0,0.044534412955465584,4.45
1646,246,8.0,0.032520325203252036,3.25
6258,246,18.0,0.07317073170731707,7.32
3769,246,20.0,0.08130081300813008,8.13
3130,246,19.0,0.07723577235772358,7.72
3877,245,28.0,0.11428571428571428,11.43
6560,245,44.0,0.17959183673469387,17.96
4094,244,18.0,0.07377049180327869,7.38
1545,244,15.0,0.06147540983606557,6.15
68,244,13.0,0.05327868852459016,5.33
3191,243,18.0,0.07407407407407407,7.41
6570,243,18.0,0.07407407407407407,7.41
6623,242,20.0,0.08264462809917356,8.26
6180,241,12.0,0.04979253112033195,4.98
3611,241,6.0,0.024896265560165973,2.49
3836,241,26.0,0.1078838174273859,10.79
3202,241,30.0,0.12448132780082988,12.45
3263,240,26.0,0.10833333333333334,10.83
6755,240,16.0,0.06666666666666667,6.67
874,240,8.0,0.03333333333333333,3.33
2497,239,19.0,0.0794979079497908,7.95
4866,239,12.0,0.0502092050209205,5.02
4182,238,16.0,0.06722689075630252,6.72
4939,238,25.0,0.10504201680672269,10.5
3917,238,35.0,0.14705882352941177,14.71
2149,238,8.0,0.03361344537815126,3.36
2025,238,25.0,0.10504201680672269,10.5
700,238,7.0,0.029411764705882353,2.94
4737,238,12.0,0.05042016806722689,5.04
792,238,8.0,0.03361344537815126,3.36
2329,237,15.0,0.06329113924050633,6.33
2464,237,14.0,0.05907172995780591,5.91
3931,237,26.0,0.10970464135021098,10.97
2986,236,12.0,0.05084745762711865,5.08
668,236,17.0,0.07203389830508475,7.2
6943,236,33.0,0.13983050847457626,13.98
1079,236,13.0,0.05508474576271186,5.51
5956,236,14.0,0.059322033898305086,5.93
4677,236,14.0,0.059322033898305086,5.93
4499,235,19.0,0.08085106382978724,8.09
6302,234,19.0,0.0811965811965812,8.12
1978,234,23.0,0.09829059829059829,9.83
1796,234,19.0,0.0811965811965812,8.12
3970,234,27.0,0.11538461538461539,11.54
1153,234,8.0,0.03418803418803419,3.42
919,233,19.0,0.0815450643776824,8.15
1456,233,20.0,0.08583690987124463,8.58
6368,233,16.0,0.06866952789699571,6.87
4826,233,7.0,0.030042918454935622,3.0
1318,233,12.0,0.05150214592274678,5.15
4492,233,13.0,0.055793991416309016,5.58
2637,232,12.0,0.05172413793103448,5.17
2707,232,18.0,0.07758620689655173,7.76
3525,232,11.0,0.04741379310344827,4.74
4214,231,9.0,0.03896103896103896,3.9
2733,230,17.0,0.07391304347826087,7.39
167,230,12.0,0.05217391304347826,5.22
3843,230,19.0,0.08260869565217391,8.26
576,230,8.0,0.034782608695652174,3.48
5841,230,10.0,0.043478260869565216,4.35
2116,230,13.0,0.05652173913043478,5.65
6487,230,13.0,0.05652173913043478,5.65
6189,229,10.0,0.043668122270742356,4.37
2823,229,34.0,0.14847161572052403,14.85
771,229,10.0,0.043668122270742356,4.37
6132,227,45.0,0.19823788546255505,19.82
131,227,19.0,0.08370044052863436,8.37
6666,227,9.0,0.039647577092511016,3.96
2695,227,23.0,0.1013215859030837,10.13
2824,227,19.0,0.08370044052863436,8.37
3597,227,34.0,0.14977973568281938,14.98
5733,227,12.0,0.05286343612334802,5.29
5332,226,15.0,0.06637168141592921,6.64
515,226,14.0,0.061946902654867256,6.19
2252,225,22.0,0.09777777777777778,9.78
4035,225,27.0,0.12,12.0
3728,225,27.0,0.12,12.0
2435,225,10.0,0.044444444444444446,4.44
1680,225,11.0,0.04888888888888889,4.89
60,224,15.0,0.06696428571428571,6.7
4978,224,16.0,0.07142857142857142,7.14
3002,224,27.0,0.12053571428571429,12.05
4773,223,13.0,0.05829596412556054,5.83
3812,222,9.0,0.04054054054054054,4.05
5466,222,25.0,0.11261261261261261,11.26
3311,222,16.0,0.07207207207207207,7.21
1284,221,21.0,0.09502262443438914,9.5
20,221,17.0,0.07692307692307693,7.69
5051,221,10.0,0.04524886877828054,4.52
3716,221,15.0,0.06787330316742081,6.79
1051,220,15.0,0.06818181818181818,6.82
4259,220,13.0,0.05909090909090909,5.91
5338,220,5.0,0.022727272727272728,2.27
1219,220,14.0,0.06363636363636363,6.36
222,220,10.0,0.045454545454545456,4.55
3432,220,10.0,0.045454545454545456,4.55
5676,220,9.0,0.04090909090909091,4.09
5532,219,15.0,0.0684931506849315,6.85
870,219,20.0,0.091324200913242,9.13
2354,219,19.0,0.0867579908675799,8.68
6694,219,11.0,0.0502283105022831,5.02
925,219,27.0,0.1232876712328767,12.33
5963,219,15.0,0.0684931506849315,6.85
6193,219,11.0,0.0502283105022831,5.02
2953,219,16.0,0.0730593607305936,7.31
4650,218,15.0,0.06880733944954129,6.88
4057,218,12.0,0.05504587155963303,5.5
3990,218,16.0,0.07339449541284404,7.34
6015,217,34.0,0.15668202764976957,15.67
6489,217,15.0,0.06912442396313365,6.91
4036,216,23.0,0.10648148148148148,10.65
5,216,8.0,0.037037037037037035,3.7
311,216,37.0,0.1712962962962963,17.13
2579,215,17.0,0.07906976744186046,7.91
2385,215,19.0,0.08837209302325581,8.84
4352,215,12.0,0.05581395348837209,5.58
1206,215,12.0,0.05581395348837209,5.58
2578,215,19.0,0.08837209302325581,8.84
4603,215,25.0,0.11627906976744186,11.63
1170,215,8.0,0.037209302325581395,3.72
4996,215,5.0,0.023255813953488372,2.33
1946,214,15.0,0.07009345794392523,7.01
6300,214,7.0,0.03271028037383177,3.27
2973,214,12.0,0.056074766355140186,5.61
798,214,24.0,0.11214953271028037,11.21
6443,214,8.0,0.037383177570093455,3.74
349,213,16.0,0.07511737089201878,7.51
3862,213,15.0,0.07042253521126761,7.04
5807,213,16.0,0.07511737089201878,7.51
3627,213,16.0,0.07511737089201878,7.51
3548,213,19.0,0.0892018779342723,8.92
966,213,27.0,0.1267605633802817,12.68
2959,213,13.0,0.06103286384976526,6.1
6939,213,30.0,0.14084507042253522,14.08
4503,213,16.0,0.07511737089201878,7.51
6785,212,15.0,0.07075471698113207,7.08
4138,212,22.0,0.10377358490566038,10.38
1446,212,11.0,0.05188679245283019,5.19
4079,212,15.0,0.07075471698113207,7.08
5389,212,13.0,0.06132075471698113,6.13
5280,212,9.0,0.04245283018867924,4.25
4411,211,16.0,0.07582938388625593,7.58
3571,211,13.0,0.061611374407582936,6.16
2991,211,20.0,0.0947867298578199,9.48
2630,210,17.0,0.08095238095238096,8.1
5534,210,6.0,0.02857142857142857,2.86
6309,210,8.0,0.0380952380952381,3.81
3102,209,3.0,0.014354066985645933,1.44
4420,209,15.0,0.07177033492822966,7.18
1984,209,7.0,0.03349282296650718,3.35
3833,208,31.0,0.14903846153846154,14.9
2169,208,19.0,0.09134615384615384,9.13
2424,208,19.0,0.09134615384615384,9.13
1957,208,10.0,0.04807692307692308,4.81
6507,207,13.0,0.06280193236714976,6.28
1287,207,8.0,0.03864734299516908,3.86
1208,206,14.0,0.06796116504854369,6.8
6929,206,8.0,0.038834951456310676,3.88
6655,206,25.0,0.12135922330097088,12.14
1649,206,10.0,0.04854368932038835,4.85
5288,205,18.0,0.08780487804878048,8.78
56,204,12.0,0.058823529411764705,5.88
5181,204,4.0,0.0196078431372549,1.96
5026,204,16.0,0.0784313725490196,7.84
1834,204,7.0,0.03431372549019608,3.43
5679,204,12.0,0.058823529411764705,5.88
1336,203,14.0,0.06896551724137931,6.9
6011,203,8.0,0.03940886699507389,3.94
6639,203,9.0,0.04433497536945813,4.43
4901,202,12.0,0.0594059405940594,5.94
6506,202,13.0,0.06435643564356436,6.44
6097,202,7.0,0.034653465346534656,3.47
2431,202,8.0,0.039603960396039604,3.96
4693,202,8.0,0.039603960396039604,3.96
536,202,13.0,0.06435643564356436,6.44
6043,201,24.0,0.11940298507462686,11.94
5675,201,11.0,0.05472636815920398,5.47
3150,200,17.0,0.085,8.5
2201,200,6.0,0.03,3.0
4954,199,18.0,0.09045226130653267,9.05
1223,199,10.0,0.05025125628140704,5.03
5059,199,6.0,0.03015075376884422,3.02
6230,199,13.0,0.06532663316582915,6.53
857,198,11.0,0.05555555555555555,5.56
5562,198,32.0,0.16161616161616163,16.16
6245,198,17.0,0.08585858585858586,8.59
5014,198,7.0,0.03535353535353535,3.54
957,197,12.0,0.06091370558375635,6.09
1974,197,11.0,0.05583756345177665,5.58
3968,197,12.0,0.06091370558375635,6.09
3304,197,8.0,0.04060913705583756,4.06
5482,197,16.0,0.08121827411167512,8.12
126,197,20.0,0.10152284263959391,10.15
4853,197,16.0,0.08121827411167512,8.12
6184,196,13.0,0.0663265306122449,6.63
4958,196,12.0,0.061224489795918366,6.12
4142,196,26.0,0.1326530612244898,13.27
2460,196,7.0,0.03571428571428571,3.57
4060,195,18.0,0.09230769230769231,9.23
5536,195,15.0,0.07692307692307693,7.69
5921,195,11.0,0.05641025641025641,5.64
1084,195,17.0,0.08717948717948718,8.72
1419,194,10.0,0.05154639175257732,5.15
6374,194,8.0,0.041237113402061855,4.12
3560,194,8.0,0.041237113402061855,4.12
3999,194,10.0,0.05154639175257732,5.15
4097,193,15.0,0.07772020725388601,7.77
5150,193,7.0,0.03626943005181347,3.63
5952,193,12.0,0.06217616580310881,6.22
6482,193,9.0,0.046632124352331605,4.66
2140,193,15.0,0.07772020725388601,7.77
1289,193,21.0,0.10880829015544041,10.88
6259,193,21.0,0.10880829015544041,10.88
5828,192,13.0,0.06770833333333333,6.77
136,192,6.0,0.03125,3.12
601,192,8.0,0.041666666666666664,4.17
984,192,13.0,0.06770833333333333,6.77
4851,192,14.0,0.07291666666666667,7.29
1225,192,7.0,0.036458333333333336,3.65
4569,192,23.0,0.11979166666666667,11.98
5595,191,8.0,0.041884816753926704,4.19
1839,191,10.0,0.05235602094240838,5.24
5903,191,18.0,0.09424083769633508,9.42
67,191,15.0,0.07853403141361257,7.85
6612,191,10.0,0.05235602094240838,5.24
6863,191,13.0,0.06806282722513089,6.81
5947,190,10.0,0.05263157894736842,5.26
5622,189,22.0,0.1164021164021164,11.64
3334,188,14.0,0.07446808510638298,7.45
950,188,7.0,0.03723404255319149,3.72
6199,188,10.0,0.05319148936170213,5.32
5322,188,7.0,0.03723404255319149,3.72
1125,188,16.0,0.0851063829787234,8.51
1411,188,20.0,0.10638297872340426,10.64
3774,188,16.0,0.0851063829787234,8.51
2157,188,10.0,0.05319148936170213,5.32
753,187,16.0,0.0855614973262032,8.56
4960,187,9.0,0.0481283422459893,4.81
3857,187,11.0,0.058823529411764705,5.88
3275,187,14.0,0.0748663101604278,7.49
1066,187,13.0,0.06951871657754011,6.95
5896,187,8.0,0.0427807486631016,4.28
6098,186,6.0,0.03225806451612903,3.23
4974,186,21.0,0.11290322580645161,11.29
5759,186,9.0,0.04838709677419355,4.84
5548,186,11.0,0.05913978494623656,5.91
764,186,15.0,0.08064516129032258,8.06
3645,186,13.0,0.06989247311827956,6.99
6446,186,10.0,0.053763440860215055,5.38
1763,185,14.0,0.07567567567567568,7.57
1554,185,15.0,0.08108108108108109,8.11
6771,185,13.0,0.07027027027027027,7.03
4483,185,16.0,0.08648648648648649,8.65
2301,184,16.0,0.08695652173913043,8.7
5232,184,19.0,0.10326086956521739,10.33
1405,184,22.0,0.11956521739130435,11.96
6706,184,10.0,0.05434782608695652,5.43
6240,184,10.0,0.05434782608695652,5.43
640,184,10.0,0.05434782608695652,5.43
5699,183,8.0,0.04371584699453552,4.37
5178,183,12.0,0.06557377049180328,6.56
3644,183,14.0,0.07650273224043716,7.65
6978,183,5.0,0.0273224043715847,2.73
900,182,18.0,0.0989010989010989,9.89
4025,182,10.0,0.054945054945054944,5.49
6798,182,5.0,0.027472527472527472,2.75
2270,182,13.0,0.07142857142857142,7.14
1626,182,15.0,0.08241758241758242,8.24
5139,181,17.0,0.09392265193370165,9.39
4548,181,17.0,0.09392265193370165,9.39
1706,181,6.0,0.03314917127071823,3.31
2378,181,2.0,0.011049723756906077,1.1
3369,180,12.0,0.06666666666666667,6.67
6086,180,10.0,0.05555555555555555,5.56
3354,180,8.0,0.044444444444444446,4.44
5933,180,8.0,0.044444444444444446,4.44
286,180,8.0,0.044444444444444446,4.44
4280,180,27.0,0.15,15.0
4976,179,14.0,0.0782122905027933,7.82
3325,179,15.0,0.08379888268156424,8.38
3338,179,11.0,0.061452513966480445,6.15
1748,179,9.0,0.05027932960893855,5.03
28,179,9.0,0.05027932960893855,5.03
6253,178,9.0,0.05056179775280899,5.06
5802,178,4.0,0.02247191011235955,2.25
1080,178,6.0,0.033707865168539325,3.37
586,178,13.0,0.07303370786516854,7.3
3722,178,9.0,0.05056179775280899,5.06
3879,178,14.0,0.07865168539325842,7.87
2673,178,11.0,0.06179775280898876,6.18
4132,177,10.0,0.05649717514124294,5.65
2024,177,13.0,0.07344632768361582,7.34
6331,177,7.0,0.03954802259887006,3.95
2015,177,12.0,0.06779661016949153,6.78
6472,177,10.0,0.05649717514124294,5.65
4385,177,7.0,0.03954802259887006,3.95
3484,177,6.0,0.03389830508474576,3.39
1761,177,30.0,0.1694915254237288,16.95
2004,177,14.0,0.07909604519774012,7.91
4994,176,12.0,0.06818181818181818,6.82
5895,176,13.0,0.07386363636363637,7.39
3028,176,11.0,0.0625,6.25
1863,176,20.0,0.11363636363636363,11.36
5012,176,14.0,0.07954545454545454,7.95
4367,176,17.0,0.09659090909090909,9.66
4550,175,8.0,0.045714285714285714,4.57
2757,175,17.0,0.09714285714285714,9.71
4728,175,7.0,0.04,4.0
3681,175,10.0,0.05714285714285714,5.71
2746,174,18.0,0.10344827586206896,10.34
93,174,10.0,0.05747126436781609,5.75
3481,174,19.0,0.10919540229885058,10.92
4607,173,11.0,0.06358381502890173,6.36
1422,173,4.0,0.023121387283236993,2.31
380,173,18.0,0.10404624277456648,10.4
4736,172,18.0,0.10465116279069768,10.47
3930,172,4.0,0.023255813953488372,2.33
3752,172,12.0,0.06976744186046512,6.98
2077,172,12.0,0.06976744186046512,6.98
5328,172,12.0,0.06976744186046512,6.98
2482,172,15.0,0.0872093023255814,8.72
1412,172,5.0,0.029069767441860465,2.91
4296,171,10.0,0.05847953216374269,5.85
239,171,13.0,0.07602339181286549,7.6
3987,170,9.0,0.052941176470588235,5.29
5743,170,6.0,0.03529411764705882,3.53
1866,170,5.0,0.029411764705882353,2.94
1172,170,10.0,0.058823529411764705,5.88
743,170,10.0,0.058823529411764705,5.88
5900,169,15.0,0.08875739644970414,8.88
6109,169,15.0,0.08875739644970414,8.88
581,169,13.0,0.07692307692307693,7.69
356,169,9.0,0.05325443786982249,5.33
4716,169,14.0,0.08284023668639054,8.28
3678,168,15.0,0.08928571428571429,8.93
880,168,13.0,0.07738095238095238,7.74
3269,167,12.0,0.0718562874251497,7.19
3566,167,7.0,0.041916167664670656,4.19
5353,167,14.0,0.08383233532934131,8.38
3294,167,25.0,0.1497005988023952,14.97
4894,167,5.0,0.029940119760479042,2.99
4004,167,6.0,0.03592814371257485,3.59
892,166,11.0,0.06626506024096386,6.63
5614,166,7.0,0.04216867469879518,4.22
6695,166,11.0,0.06626506024096386,6.63
2870,166,4.0,0.024096385542168676,2.41
638,166,8.0,0.04819277108433735,4.82
5023,166,14.0,0.08433734939759036,8.43
2708,166,13.0,0.0783132530120482,7.83
6499,165,8.0,0.048484848484848485,4.85
179,165,13.0,0.07878787878787878,7.88
6454,165,7.0,0.04242424242424243,4.24
5119,165,4.0,0.024242424242424242,2.42
6608,165,7.0,0.04242424242424243,4.24
4108,165,8.0,0.048484848484848485,4.85
746,164,13.0,0.07926829268292683,7.93
5070,164,11.0,0.06707317073170732,6.71
1620,164,13.0,0.07926829268292683,7.93
4326,164,17.0,0.10365853658536585,10.37
4923,164,8.0,0.04878048780487805,4.88
6927,163,10.0,0.06134969325153374,6.13
2701,163,11.0,0.06748466257668712,6.75
1119,163,11.0,0.06748466257668712,6.75
810,162,8.0,0.04938271604938271,4.94
3470,162,7.0,0.043209876543209874,4.32
657,162,6.0,0.037037037037037035,3.7
6044,162,6.0,0.037037037037037035,3.7
2920,161,16.0,0.09937888198757763,9.94
1294,161,9.0,0.055900621118012424,5.59
1694,161,15.0,0.09316770186335403,9.32
6797,161,7.0,0.043478260869565216,4.35
3240,161,7.0,0.043478260869565216,4.35
5001,161,11.0,0.06832298136645963,6.83
2162,161,11.0,0.06832298136645963,6.83
4046,161,16.0,0.09937888198757763,9.94
1601,161,7.0,0.043478260869565216,4.35
4790,161,13.0,0.08074534161490683,8.07
134,161,16.0,0.09937888198757763,9.94
1097,160,11.0,0.06875,6.88
297,160,17.0,0.10625,10.62
1661,160,6.0,0.0375,3.75
440,160,8.0,0.05,5.0
3533,160,11.0,0.06875,6.88
4840,160,6.0,0.0375,3.75
6,160,9.0,0.05625,5.62
3708,160,10.0,0.0625,6.25
431,160,13.0,0.08125,8.12
688,159,9.0,0.05660377358490566,5.66
4858,159,18.0,0.11320754716981132,11.32
3180,159,3.0,0.018867924528301886,1.89
5410,159,1.0,0.006289308176100629,0.63
1864,159,33.0,0.20754716981132076,20.75
1552,159,11.0,0.06918238993710692,6.92
0,159,10.0,0.06289308176100629,6.29
2568,159,11.0,0.06918238993710692,6.92
6633,159,6.0,0.03773584905660377,3.77
4874,159,9.0,0.05660377358490566,5.66
936,159,12.0,0.07547169811320754,7.55
1625,159,10.0,0.06289308176100629,6.29
2425,158,6.0,0.0379746835443038,3.8
6484,158,9.0,0.056962025316455694,5.7
1951,158,12.0,0.0759493670886076,7.59
6316,158,5.0,0.03164556962025317,3.16
1053,158,11.0,0.06962025316455696,6.96
5305,157,7.0,0.044585987261146494,4.46
3558,157,13.0,0.08280254777070063,8.28
4706,157,11.0,0.07006369426751592,7.01
4531,157,10.0,0.06369426751592357,6.37
1575,156,5.0,0.03205128205128205,3.21
4698,156,13.0,0.08333333333333333,8.33
4495,156,7.0,0.04487179487179487,4.49
621,156,17.0,0.10897435897435898,10.9
460,156,7.0,0.04487179487179487,4.49
5003,156,11.0,0.07051282051282051,7.05
3741,156,10.0,0.0641025641025641,6.41
2773,156,4.0,0.02564102564102564,2.56
1980,155,10.0,0.06451612903225806,6.45
5528,155,7.0,0.04516129032258064,4.52
4962,155,12.0,0.07741935483870968,7.74
6676,155,13.0,0.08387096774193549,8.39
1370,155,10.0,0.06451612903225806,6.45
375,155,13.0,0.08387096774193549,8.39
4286,155,8.0,0.05161290322580645,5.16
4069,154,10.0,0.06493506493506493,6.49
3723,153,14.0,0.0915032679738562,9.15
1816,153,7.0,0.0457516339869281,4.58
6830,153,12.0,0.0784313725490196,7.84
6513,153,13.0,0.08496732026143791,8.5
3524,153,2.0,0.013071895424836602,1.31
3768,153,5.0,0.032679738562091505,3.27
324,153,10.0,0.06535947712418301,6.54
4390,153,4.0,0.026143790849673203,2.61
634,152,16.0,0.10526315789473684,10.53
448,152,13.0,0.08552631578947369,8.55
5359,152,8.0,0.05263157894736842,5.26
443,152,13.0,0.08552631578947369,8.55
6629,152,5.0,0.03289473684210526,3.29
184,152,12.0,0.07894736842105263,7.89
1507,151,12.0,0.07947019867549669,7.95
4744,151,16.0,0.10596026490066225,10.6
3154,151,7.0,0.046357615894039736,4.64
2717,151,8.0,0.052980132450331126,5.3
6729,151,3.0,0.019867549668874173,1.99
5388,150,13.0,0.08666666666666667,8.67
3387,150,8.0,0.05333333333333334,5.33
1494,150,6.0,0.04,4.0
437,150,11.0,0.07333333333333333,7.33
567,149,6.0,0.040268456375838924,4.03
4909,149,13.0,0.087248322147651,8.72
6848,149,12.0,0.08053691275167785,8.05
1293,149,6.0,0.040268456375838924,4.03
5128,149,2.0,0.013422818791946308,1.34
6101,149,21.0,0.14093959731543623,14.09
4471,149,8.0,0.053691275167785234,5.37
2727,149,9.0,0.06040268456375839,6.04
6378,148,12.0,0.08108108108108109,8.11
3781,148,10.0,0.06756756756756757,6.76
3497,148,12.0,0.08108108108108109,8.11
1877,148,12.0,0.08108108108108109,8.11
5432,147,11.0,0.07482993197278912,7.48
4491,147,11.0,0.07482993197278912,7.48
4549,147,14.0,0.09523809523809523,9.52
1927,147,8.0,0.05442176870748299,5.44
1579,147,12.0,0.08163265306122448,8.16
4749,147,13.0,0.08843537414965986,8.84
5071,147,25.0,0.17006802721088435,17.01
377,147,2.0,0.013605442176870748,1.36
918,147,13.0,0.08843537414965986,8.84
4253,146,6.0,0.0410958904109589,4.11
2336,146,5.0,0.03424657534246575,3.42
5867,146,2.0,0.0136986301369863,1.37
3939,146,4.0,0.0273972602739726,2.74
4417,146,9.0,0.06164383561643835,6.16
5974,146,5.0,0.03424657534246575,3.42
5628,146,9.0,0.06164383561643835,6.16
6854,146,3.0,0.02054794520547945,2.05
3992,145,3.0,0.020689655172413793,2.07
6879,145,5.0,0.034482758620689655,3.45
326,145,8.0,0.05517241379310345,5.52
6246,145,11.0,0.07586206896551724,7.59
569,145,26.0,0.1793103448275862,17.93
6988,145,16.0,0.1103448275862069,11.03
6367,145,5.0,0.034482758620689655,3.45
407,145,2.0,0.013793103448275862,1.38
3333,145,2.0,0.013793103448275862,1.38
342,145,10.0,0.06896551724137931,6.9
5314,144,4.0,0.027777777777777776,2.78
1639,144,13.0,0.09027777777777778,9.03
2586,144,5.0,0.034722222222222224,3.47
3445,144,5.0,0.034722222222222224,3.47
4376,144,10.0,0.06944444444444445,6.94
181,144,9.0,0.0625,6.25
318,144,8.0,0.05555555555555555,5.56
5550,144,14.0,0.09722222222222222,9.72
5801,144,6.0,0.041666666666666664,4.17
3392,143,10.0,0.06993006993006994,6.99
5585,143,4.0,0.027972027972027972,2.8
4791,143,8.0,0.055944055944055944,5.59
317,143,7.0,0.04895104895104895,4.9
6094,143,9.0,0.06293706293706294,6.29
5480,143,8.0,0.055944055944055944,5.59
6716,143,8.0,0.055944055944055944,5.59
1237,142,8.0,0.056338028169014086,5.63
3502,142,14.0,0.09859154929577464,9.86
4971,142,12.0,0.08450704225352113,8.45
2704,142,9.0,0.06338028169014084,6.34
2314,142,8.0,0.056338028169014086,5.63
1559,142,6.0,0.04225352112676056,4.23
6179,142,9.0,0.06338028169014084,6.34
6723,142,9.0,0.06338028169014084,6.34
1323,142,9.0,0.06338028169014084,6.34
3188,142,6.0,0.04225352112676056,4.23
1934,142,7.0,0.04929577464788732,4.93
6061,142,13.0,0.09154929577464789,9.15
5044,141,9.0,0.06382978723404255,6.38
5657,141,5.0,0.03546099290780142,3.55
1911,141,3.0,0.02127659574468085,2.13
5991,141,11.0,0.07801418439716312,7.8
2135,140,5.0,0.03571428571428571,3.57
3975,140,0.0,0.0,0.0
5755,140,6.0,0.04285714285714286,4.29
513,140,9.0,0.06428571428571428,6.43
2979,140,7.0,0.05,5.0
1343,139,5.0,0.03597122302158273,3.6
5582,139,6.0,0.04316546762589928,4.32
2159,139,11.0,0.07913669064748201,7.91
1152,138,3.0,0.021739130434782608,2.17
1363,138,26.0,0.18840579710144928,18.84
3327,138,5.0,0.036231884057971016,3.62
5447,138,9.0,0.06521739130434782,6.52
2689,138,3.0,0.021739130434782608,2.17
6250,138,17.0,0.12318840579710146,12.32
4155,138,6.0,0.043478260869565216,4.35
1113,138,4.0,0.028985507246376812,2.9
5735,137,8.0,0.058394160583941604,5.84
2161,137,4.0,0.029197080291970802,2.92
5183,137,22.0,0.16058394160583941,16.06
1102,137,12.0,0.08759124087591241,8.76
5795,137,5.0,0.0364963503649635,3.65
2103,137,6.0,0.043795620437956206,4.38
1691,137,5.0,0.0364963503649635,3.65
6878,137,11.0,0.08029197080291971,8.03
828,137,12.0,0.08759124087591241,8.76
1296,137,6.0,0.043795620437956206,4.38
5556,136,7.0,0.051470588235294115,5.15
1283,136,7.0,0.051470588235294115,5.15
100,136,11.0,0.08088235294117647,8.09
153,136,2.0,0.014705882352941176,1.47
6458,136,12.0,0.08823529411764706,8.82
1273,135,5.0,0.037037037037037035,3.7
1482,135,14.0,0.1037037037037037,10.37
5356,135,12.0,0.08888888888888889,8.89
72,135,9.0,0.06666666666666667,6.67
1837,135,12.0,0.08888888888888889,8.89
170,135,4.0,0.02962962962962963,2.96
1668,135,19.0,0.14074074074074075,14.07
6493,135,8.0,0.05925925925925926,5.93
4510,134,7.0,0.05223880597014925,5.22
6055,134,9.0,0.06716417910447761,6.72
5247,134,7.0,0.05223880597014925,5.22
3155,134,10.0,0.07462686567164178,7.46
3231,134,5.0,0.03731343283582089,3.73
5373,134,2.0,0.014925373134328358,1.49
4344,134,8.0,0.05970149253731343,5.97
4233,134,11.0,0.08208955223880597,8.21
4161,134,8.0,0.05970149253731343,5.97
6833,134,28.0,0.208955223880597,20.9
5375,134,3.0,0.022388059701492536,2.24
660,134,9.0,0.06716417910447761,6.72
387,134,3.0,0.022388059701492536,2.24
1381,133,7.0,0.05263157894736842,5.26
1477,133,11.0,0.08270676691729323,8.27
4223,133,13.0,0.09774436090225563,9.77
5617,133,7.0,0.05263157894736842,5.26
6325,133,12.0,0.09022556390977443,9.02
6339,133,7.0,0.05263157894736842,5.26
6813,133,5.0,0.03759398496240601,3.76
137,133,7.0,0.05263157894736842,5.26
4584,133,11.0,0.08270676691729323,8.27
6412,133,11.0,0.08270676691729323,8.27
627,132,4.0,0.030303030303030304,3.03
1299,132,9.0,0.06818181818181818,6.82
3363,132,4.0,0.030303030303030304,3.03
5793,132,19.0,0.14393939393939395,14.39
5325,132,3.0,0.022727272727272728,2.27
2783,131,9.0,0.06870229007633588,6.87
4805,131,7.0,0.05343511450381679,5.34
728,131,3.0,0.022900763358778626,2.29
3388,131,6.0,0.04580152671755725,4.58
2487,131,6.0,0.04580152671755725,4.58
2833,131,3.0,0.022900763358778626,2.29
6699,131,12.0,0.0916030534351145,9.16
2327,130,21.0,0.16153846153846155,16.15
2216,130,2.0,0.015384615384615385,1.54
2108,130,10.0,0.07692307692307693,7.69
5308,130,11.0,0.08461538461538462,8.46
3400,130,24.0,0.18461538461538463,18.46
1958,130,17.0,0.13076923076923078,13.08
379,130,11.0,0.08461538461538462,8.46
993,130,9.0,0.06923076923076923,6.92
5271,129,10.0,0.07751937984496124,7.75
6520,129,3.0,0.023255813953488372,2.33
3655,129,5.0,0.03875968992248062,3.88
4552,129,8.0,0.06201550387596899,6.2
6913,129,8.0,0.06201550387596899,6.2
428,129,10.0,0.07751937984496124,7.75
867,129,4.0,0.031007751937984496,3.1
168,128,13.0,0.1015625,10.16
3755,128,7.0,0.0546875,5.47
3382,128,5.0,0.0390625,3.91
1730,128,6.0,0.046875,4.69
733,128,12.0,0.09375,9.38
711,128,7.0,0.0546875,5.47
6668,128,6.0,0.046875,4.69
6273,127,5.0,0.03937007874015748,3.94
5931,127,16.0,0.12598425196850394,12.6
6353,127,3.0,0.023622047244094488,2.36
2112,127,8.0,0.06299212598425197,6.3
115,126,8.0,0.06349206349206349,6.35
6606,126,16.0,0.12698412698412698,12.7
2041,126,7.0,0.05555555555555555,5.56
4014,126,10.0,0.07936507936507936,7.94
1133,126,3.0,0.023809523809523808,2.38
5262,126,15.0,0.11904761904761904,11.9
5094,126,3.0,0.023809523809523808,2.38
5543,125,4.0,0.032,3.2
3377,125,10.0,0.08,8.0
4797,125,4.0,0.032,3.2
2877,125,3.0,0.024,2.4
2207,125,2.0,0.016,1.6
6279,125,12.0,0.096,9.6
62,125,13.0,0.104,10.4
254,125,15.0,0.12,12.0
6828,125,6.0,0.048,4.8
4165,125,15.0,0.12,12.0
192,124,5.0,0.04032258064516129,4.03
3450,124,9.0,0.07258064516129033,7.26
6595,124,2.0,0.016129032258064516,1.61
260,124,5.0,0.04032258064516129,4.03
4131,124,17.0,0.13709677419354838,13.71
5648,124,6.0,0.04838709677419355,4.84
1992,124,6.0,0.04838709677419355,4.84
3082,124,5.0,0.04032258064516129,4.03
4802,123,12.0,0.0975609756097561,9.76
6281,123,12.0,0.0975609756097561,9.76
3283,123,3.0,0.024390243902439025,2.44
1044,123,5.0,0.04065040650406504,4.07
6392,123,22.0,0.17886178861788618,17.89
1807,123,7.0,0.056910569105691054,5.69
6223,123,3.0,0.024390243902439025,2.44
1931,123,7.0,0.056910569105691054,5.69
785,123,11.0,0.08943089430894309,8.94
1981,123,12.0,0.0975609756097561,9.76
6032,123,8.0,0.06504065040650407,6.5
2246,122,3.0,0.02459016393442623,2.46
5312,122,4.0,0.03278688524590164,3.28
5303,122,9.0,0.07377049180327869,7.38
2296,122,1.0,0.00819672131147541,0.82
2299,122,10.0,0.08196721311475409,8.2
843,122,9.0,0.07377049180327869,7.38
3839,122,13.0,0.10655737704918032,10.66
2192,122,15.0,0.12295081967213115,12.3
2122,122,7.0,0.05737704918032787,5.74
1683,122,8.0,0.06557377049180328,6.56
3352,122,6.0,0.04918032786885246,4.92
197,121,5.0,0.04132231404958678,4.13
6329,121,15.0,0.12396694214876033,12.4
3161,121,6.0,0.049586776859504134,4.96
25,121,5.0,0.04132231404958678,4.13
717,121,11.0,0.09090909090909091,9.09
4457,121,12.0,0.09917355371900827,9.92
5274,121,4.0,0.03305785123966942,3.31
5726,120,8.0,0.06666666666666667,6.67
3308,120,7.0,0.058333333333333334,5.83
4587,120,17.0,0.14166666666666666,14.17
4533,120,9.0,0.075,7.5
5632,120,9.0,0.075,7.5
6156,120,5.0,0.041666666666666664,4.17
4113,120,22.0,0.18333333333333332,18.33
3039,120,10.0,0.08333333333333333,8.33
1025,120,3.0,0.025,2.5
6296,120,9.0,0.075,7.5
5665,120,5.0,0.041666666666666664,4.17
1033,120,12.0,0.1,10.0
3242,120,12.0,0.1,10.0
916,120,12.0,0.1,10.0
5258,120,11.0,0.09166666666666666,9.17
3374,119,9.0,0.07563025210084033,7.56
3007,119,8.0,0.06722689075630252,6.72
6803,119,10.0,0.08403361344537816,8.4
865,119,2.0,0.01680672268907563,1.68
6063,119,2.0,0.01680672268907563,1.68
3897,119,3.0,0.025210084033613446,2.52
4524,119,15.0,0.12605042016806722,12.61
1896,119,8.0,0.06722689075630252,6.72
3891,119,2.0,0.01680672268907563,1.68
3744,118,10.0,0.0847457627118644,8.47
2321,118,5.0,0.0423728813559322,4.24
6808,118,10.0,0.0847457627118644,8.47
1076,118,6.0,0.05084745762711865,5.08
3824,118,6.0,0.05084745762711865,5.08
6909,118,4.0,0.03389830508474576,3.39
3584,118,10.0,0.0847457627118644,8.47
5668,118,8.0,0.06779661016949153,6.78
5861,117,11.0,0.09401709401709402,9.4
5780,117,4.0,0.03418803418803419,3.42
1181,117,4.0,0.03418803418803419,3.42
2312,117,8.0,0.06837606837606838,6.84
3779,117,1.0,0.008547008547008548,0.85
3568,117,4.0,0.03418803418803419,3.42
5718,117,3.0,0.02564102564102564,2.56
6114,117,9.0,0.07692307692307693,7.69
6160,117,10.0,0.08547008547008547,8.55
4199,116,6.0,0.05172413793103448,5.17
808,116,3.0,0.02586206896551724,2.59
4047,116,5.0,0.04310344827586207,4.31
3685,116,10.0,0.08620689655172414,8.62
6480,116,2.0,0.017241379310344827,1.72
5155,116,10.0,0.08620689655172414,8.62
3747,116,16.0,0.13793103448275862,13.79
6539,116,8.0,0.06896551724137931,6.9
252,116,2.0,0.017241379310344827,1.72
4413,116,6.0,0.05172413793103448,5.17
2067,115,13.0,0.11304347826086956,11.3
4442,115,9.0,0.0782608695652174,7.83
4861,115,4.0,0.034782608695652174,3.48
2539,115,8.0,0.06956521739130435,6.96
4168,115,13.0,0.11304347826086956,11.3
1868,115,9.0,0.0782608695652174,7.83
5758,115,7.0,0.06086956521739131,6.09
1502,115,8.0,0.06956521739130435,6.96
5492,114,4.0,0.03508771929824561,3.51
4358,114,4.0,0.03508771929824561,3.51
5273,114,6.0,0.05263157894736842,5.26
1416,114,8.0,0.07017543859649122,7.02
2928,114,6.0,0.05263157894736842,5.26
2348,114,5.0,0.043859649122807015,4.39
2443,114,7.0,0.06140350877192982,6.14
6008,114,7.0,0.06140350877192982,6.14
1783,114,4.0,0.03508771929824561,3.51
4872,113,11.0,0.09734513274336283,9.73
3692,113,6.0,0.05309734513274336,5.31
2075,113,1.0,0.008849557522123894,0.88
4342,113,19.0,0.168141592920354,16.81
4997,113,3.0,0.02654867256637168,2.65
1641,112,6.0,0.05357142857142857,5.36
1910,112,4.0,0.03571428571428571,3.57
2725,112,5.0,0.044642857142857144,4.46
6176,112,5.0,0.044642857142857144,4.46
3226,112,2.0,0.017857142857142856,1.79
3298,112,7.0,0.0625,6.25
712,112,11.0,0.09821428571428571,9.82
4090,112,5.0,0.044642857142857144,4.46
5455,112,8.0,0.07142857142857142,7.14
284,111,5.0,0.04504504504504504,4.5
5731,111,2.0,0.018018018018018018,1.8
3457,111,4.0,0.036036036036036036,3.6
1244,111,13.0,0.11711711711711711,11.71
6099,111,11.0,0.0990990990990991,9.91
4121,111,6.0,0.05405405405405406,5.41
155,111,7.0,0.06306306306306306,6.31
6433,111,13.0,0.11711711711711711,11.71
5158,111,10.0,0.09009009009009009,9.01
230,111,4.0,0.036036036036036036,3.6
4066,110,2.0,0.01818181818181818,1.82
1762,110,12.0,0.10909090909090909,10.91
2345,110,9.0,0.08181818181818182,8.18
6366,110,13.0,0.11818181818181818,11.82
2775,110,4.0,0.03636363636363636,3.64
3586,110,7.0,0.06363636363636363,6.36
5906,110,13.0,0.11818181818181818,11.82
1301,110,2.0,0.01818181818181818,1.82
6887,110,4.0,0.03636363636363636,3.64
6029,110,3.0,0.02727272727272727,2.73
4268,110,10.0,0.09090909090909091,9.09
1316,109,5.0,0.045871559633027525,4.59
2628,109,9.0,0.08256880733944955,8.26
3164,109,21.0,0.1926605504587156,19.27
4558,109,6.0,0.05504587155963303,5.5
3806,109,9.0,0.08256880733944955,8.26
5944,109,10.0,0.09174311926605505,9.17
6843,109,8.0,0.07339449541284404,7.34
5888,109,6.0,0.05504587155963303,5.5
6023,109,8.0,0.07339449541284404,7.34
5874,109,4.0,0.03669724770642202,3.67
883,109,0.0,0.0,0.0
6589,109,3.0,0.027522935779816515,2.75
4073,109,9.0,0.08256880733944955,8.26
1932,108,7.0,0.06481481481481481,6.48
2238,108,4.0,0.037037037037037035,3.7
1462,108,5.0,0.046296296296296294,4.63
3757,108,9.0,0.08333333333333333,8.33
6700,108,20.0,0.18518518518518517,18.52
205,108,6.0,0.05555555555555555,5.56
4938,108,5.0,0.046296296296296294,4.63
3427,108,6.0,0.05555555555555555,5.56
4323,108,4.0,0.037037037037037035,3.7
2662,108,8.0,0.07407407407407407,7.41
2083,107,9.0,0.08411214953271028,8.41
182,107,3.0,0.028037383177570093,2.8
6112,107,13.0,0.12149532710280374,12.15
5716,107,4.0,0.037383177570093455,3.74
6824,106,7.0,0.0660377358490566,6.6
3129,106,5.0,0.04716981132075472,4.72
578,106,7.0,0.0660377358490566,6.6
6153,106,8.0,0.07547169811320754,7.55
4210,106,13.0,0.12264150943396226,12.26
1232,106,5.0,0.04716981132075472,4.72
4555,106,17.0,0.16037735849056603,16.04
1030,106,7.0,0.0660377358490566,6.6
6311,106,8.0,0.07547169811320754,7.55
4162,106,7.0,0.0660377358490566,6.6
229,106,9.0,0.08490566037735849,8.49
802,106,5.0,0.04716981132075472,4.72
6428,106,5.0,0.04716981132075472,4.72
4881,106,3.0,0.02830188679245283,2.83
4331,105,7.0,0.06666666666666667,6.67
4232,105,7.0,0.06666666666666667,6.67
4463,105,5.0,0.047619047619047616,4.76
6980,105,8.0,0.0761904761904762,7.62
1008,105,5.0,0.047619047619047616,4.76
2376,105,10.0,0.09523809523809523,9.52
1099,105,6.0,0.05714285714285714,5.71
4292,105,3.0,0.02857142857142857,2.86
3921,105,4.0,0.0380952380952381,3.81
6583,105,3.0,0.02857142857142857,2.86
2449,104,13.0,0.125,12.5
368,104,10.0,0.09615384615384616,9.62
3166,104,3.0,0.028846153846153848,2.88
5221,104,5.0,0.04807692307692308,4.81
4252,104,3.0,0.028846153846153848,2.88
5719,104,10.0,0.09615384615384616,9.62
2624,104,5.0,0.04807692307692308,4.81
6227,104,1.0,0.009615384615384616,0.96
532,104,12.0,0.11538461538461539,11.54
5405,104,6.0,0.057692307692307696,5.77
3118,104,3.0,0.028846153846153848,2.88
5871,103,26.0,0.2524271844660194,25.24
1186,103,10.0,0.0970873786407767,9.71
5612,103,5.0,0.04854368932038835,4.85
3244,103,5.0,0.04854368932038835,4.85
2228,103,24.0,0.23300970873786409,23.3
3480,103,7.0,0.06796116504854369,6.8
299,103,17.0,0.1650485436893204,16.5
1304,103,10.0,0.0970873786407767,9.71
2451,103,3.0,0.02912621359223301,2.91
5856,102,7.0,0.06862745098039216,6.86
129,102,1.0,0.00980392156862745,0.98
218,102,3.0,0.029411764705882353,2.94
4002,102,9.0,0.08823529411764706,8.82
1261,102,5.0,0.049019607843137254,4.9
1835,101,5.0,0.04950495049504951,4.95
6056,101,7.0,0.06930693069306931,6.93
1057,101,3.0,0.0297029702970297,2.97
1517,101,12.0,0.1188118811881188,11.88
4659,101,6.0,0.0594059405940594,5.94
6410,101,4.0,0.039603960396039604,3.96
6916,101,8.0,0.07920792079207921,7.92
2113,101,4.0,0.039603960396039604,3.96
3773,101,7.0,0.06930693069306931,6.93
4416,101,3.0,0.0297029702970297,2.97
1258,101,9.0,0.0891089108910891,8.91
2255,100,9.0,0.09,9.0
1912,100,5.0,0.05,5.0
1881,100,6.0,0.06,6.0
5229,100,2.0,0.02,2.0
3447,100,4.0,0.04,4.0
3697,100,7.0,0.07,7.0
