model,label,contact_rate_pct,policy,n_total,n_selected,n_actual_captured,precision,recall,lift,customers_needed_by_rule_for_same_recall,contact_reduction_pct
Model_A_churn,churn_14d,5,무작위,1423844,71192,67413,0.9469181930553995,0.050028534513403056,1.00057350117572,,
Model_A_churn,churn_14d,10,무작위,1423844,142384,134782,0.9466091695696146,0.10002441574748923,1.0002469674652212,,
Model_A_churn,churn_14d,20,무작위,1423844,284769,269545,0.9465391246940502,0.20003473121527343,1.0001729536307666,,
Model_A_churn,churn_14d,30,무작위,1423844,427153,404359,0.9466373875402959,0.30008289480226585,1.000276784353235,,
Model_A_churn,churn_14d,5,최근성_규칙,1423844,71192,69525,0.9765844476907518,0.051595891920613944,1.0319207373836194,,
Model_A_churn,churn_14d,10,최근성_규칙,1423844,142384,138939,0.9758048657152489,0.10310940852295117,1.0310969818866789,,
Model_A_churn,churn_14d,20,최근성_규칙,1423844,284769,277726,0.9752676730964396,0.20610601480826218,1.0305293502756805,,
Model_A_churn,churn_14d,30,최근성_규칙,1423844,427153,416153,0.974248103138688,0.3088354578991622,1.0294520083365322,,
Model_A_churn,churn_14d,5,라이프사이클_규칙,1423844,71192,68955,0.9685779301045061,0.051172883529463274,1.0234605457934194,,
Model_A_churn,churn_14d,10,라이프사이클_규칙,1423844,142384,138265,0.9710711877739072,0.10260921965341513,1.0260950791394905,,
Model_A_churn,churn_14d,20,라이프사이클_규칙,1423844,284769,276638,0.9714470325070496,0.20529858826515354,1.026492220395511,,
Model_A_churn,churn_14d,30,라이프사이클_규칙,1423844,427153,415149,0.9718976572797101,0.3080903694347495,1.0269683789589479,,
Model_A_churn,churn_14d,5,모델_LightGBM,1423844,71192,70006,0.9833408248117766,0.05195285163314634,1.0390599516904375,,
Model_A_churn,churn_14d,10,모델_LightGBM,1423844,142384,139961,0.9829826384987077,0.10386785514708446,1.0386814694350863,,
Model_A_churn,churn_14d,20,모델_LightGBM,1423844,284769,279829,0.9826526061474388,0.20766669313561278,1.038332736431927,,
Model_A_churn,churn_14d,30,모델_LightGBM,1423844,427153,419566,0.9822382144102932,0.3113683134061749,1.0378948639796552,,
Model_A_churn,churn_14d,5,모델_vs_최근성_규칙_동일recall비교,1423844,71192,70006,,0.05195285163314634,,71682.0,0.6835746770458395
Model_A_churn,churn_14d,10,모델_vs_최근성_규칙_동일recall비교,1423844,142384,139961,,0.10386785514708446,,143426.0,0.7265070489311576
Model_A_churn,churn_14d,20,모델_vs_최근성_규칙_동일recall비교,1423844,284769,279829,,0.20766669313561278,,286940.0,0.7566041681187685
Model_A_churn,churn_14d,30,모델_vs_최근성_규칙_동일recall비교,1423844,427153,419566,,0.3113683134061749,,430670.0,0.8166345461722457
Model_A_churn,churn_28d,5,무작위,1423844,71192,64173,0.9014074615125295,0.049994196051913006,0.9998867300165751,,
Model_A_churn,churn_28d,10,무작위,1423844,142384,128316,0.9011967636813125,0.09996502050079113,0.999653013329647,,
Model_A_churn,churn_28d,20,무작위,1423844,284769,256777,0.9017027836597382,0.20004300374958417,1.0002143162732704,,
Model_A_churn,churn_28d,30,무작위,1423844,427153,385336,0.902102993540956,0.30019733423495787,1.0006582493074831,,
Model_A_churn,churn_28d,5,최근성_규칙,1423844,71192,67665,0.9504579166198449,0.052714650645173104,1.0542959747334792,,
Model_A_churn,churn_28d,10,최근성_규칙,1423844,142384,135320,0.9503876840094393,0.10542151075600124,1.0542180691711698,,
Model_A_churn,churn_28d,20,최근성_규칙,1423844,284769,270318,0.9492536055539753,0.21059216630609476,1.0529600920111923,,
Model_A_churn,churn_28d,30,최근성_규칙,1423844,427153,404683,0.9473958979569381,0.3152696810321523,1.0508994288218598,,
Model_A_churn,churn_28d,5,라이프사이클_규칙,1423844,71192,66729,0.9373103719519047,0.05198545663048483,1.0397120534691544,,
Model_A_churn,churn_28d,10,라이프사이클_규칙,1423844,142384,134132,0.9420440498932464,0.10449599527581997,1.0449628883688098,,
Model_A_churn,churn_28d,20,라이프사이클_규칙,1423844,284769,268364,0.942391903613104,0.20906989589508954,1.0453487453017987,,
Model_A_churn,churn_28d,30,라이프사이클_규칙,1423844,427153,402888,0.9431936566054786,0.313871280117232,1.0462380902562782,,
Model_A_churn,churn_28d,5,모델_LightGBM,1423844,71192,68549,0.9628750421395662,0.053403333881267584,1.0680696781497858,,
Model_A_churn,churn_28d,10,모델_LightGBM,1423844,142384,137110,0.9629593212720531,0.10681601640374912,1.0681631648245573,,
Model_A_churn,churn_28d,20,모델_LightGBM,1423844,284769,274360,0.9634475662730143,0.21374110028832768,1.068704750864503,,
Model_A_churn,churn_28d,30,모델_LightGBM,1423844,427153,411127,0.9624818273546013,0.32028990136404467,1.0676335044299978,,
Model_A_churn,churn_28d,5,모델_vs_최근성_규칙_동일recall비교,1423844,71192,68549,,0.053403333881267584,,72117.0,1.2826379355769135
Model_A_churn,churn_28d,10,모델_vs_최근성_규칙_동일recall비교,1423844,142384,137110,,0.10681601640374912,,144251.0,1.294271790143564
Model_A_churn,churn_28d,20,모델_vs_최근성_규칙_동일recall비교,1423844,284769,274360,,0.21374110028832768,,289057.0,1.4834444417537007
Model_A_churn,churn_28d,30,모델_vs_최근성_규칙_동일recall비교,1423844,427153,411127,,0.32028990136404467,,433993.0,1.5760622867189156
Model_B_propensity,will_purchase_14d,5,무작위,7819934,390997,5151,0.013174014122870508,0.04998689918192669,0.9997372165702569,,
Model_B_propensity,will_purchase_14d,10,무작위,7819934,781993,10399,0.013298073000653459,0.10091511640319466,1.0091516802264209,,
Model_B_propensity,will_purchase_14d,20,무작위,7819934,1563987,20760,0.013273767620830608,0.20146146903839995,1.007307216379248,,
Model_B_propensity,will_purchase_14d,30,무작위,7819934,2345980,31108,0.01326013009488572,0.3018816656477141,1.0062723046126532,,
Model_B_propensity,will_purchase_14d,5,최근성_규칙,7819934,390997,39269,0.100432995649583,0.38107853697827204,7.621564891768088,,
Model_B_propensity,will_purchase_14d,10,최근성_규칙,7819934,781993,58327,0.07458762418589425,0.566023270934622,5.660235604631835,,
Model_B_propensity,will_purchase_14d,20,최근성_규칙,7819934,1563987,76580,0.04896460136816994,0.7431560355954079,3.7157797028093844,,
Model_B_propensity,will_purchase_14d,30,최근성_규칙,7819934,2345980,79209,0.03376371495068159,0.7686686657544616,2.5622291042839023,,
Model_B_propensity,will_purchase_14d,5,모델_LightGBM,7819934,390997,48543,0.12415184771238653,0.4710763049870447,9.421518870893026,,
Model_B_propensity,will_purchase_14d,10,모델_LightGBM,7819934,781993,64921,0.08301992473078404,0.6300134889904606,6.3001381125088445,,
Model_B_propensity,will_purchase_14d,20,모델_LightGBM,7819934,1563987,80887,0.051718460575439565,0.7849524974040971,3.924761985128528,,
Model_B_propensity,will_purchase_14d,30,모델_LightGBM,7819934,2345980,88186,0.03759026078653697,0.8557842537871069,2.852614422482044,,
Model_B_propensity,will_purchase_14d,5,모델_vs_최근성_규칙_동일recall비교,7819934,390997,48543,,0.4710763049870447,,554935.0,29.541838233306606
Model_B_propensity,will_purchase_14d,10,모델_vs_최근성_규칙_동일recall비교,7819934,781993,64921,,0.6300134889904606,,983236.0,20.467415757763142
Model_B_propensity,will_purchase_14d,20,모델_vs_최근성_규칙_동일recall비교,7819934,1563987,80887,,0.7849524974040971,,2669186.0,41.40584432857059
Model_B_propensity,will_purchase_14d,30,모델_vs_최근성_규칙_동일recall비교,7819934,2345980,88186,,0.8557842537871069,,4339319.0,45.93667808243643
Model_B_propensity,will_purchase_28d,5,무작위,7819934,390997,9563,0.024457988168707177,0.049969693169467436,0.9993930965851046,,
Model_B_propensity,will_purchase_28d,10,무작위,7819934,781993,19291,0.02466901877638291,0.10080156341443024,1.0080161497579379,,
Model_B_propensity,will_purchase_28d,20,무작위,7819934,1563987,38440,0.024578209409669007,0.20086113201237354,1.0043055316329665,,
Model_B_propensity,will_purchase_28d,30,무작위,7819934,2345980,57620,0.02456116420429842,0.3010826853941978,1.0036090368738826,,
Model_B_propensity,will_purchase_28d,5,최근성_규칙,7819934,390997,67215,0.1719066898211495,0.3512195886631553,7.024386383662846,,
Model_B_propensity,will_purchase_28d,10,최근성_규칙,7819934,781993,103846,0.13279658513567258,0.5426281247387342,5.426284023003619,,
Model_B_propensity,will_purchase_28d,20,최근성_규칙,7819934,1563987,140670,0.08994320285270914,0.7350451467268623,3.6752252636526896,,
Model_B_propensity,will_purchase_28d,30,최근성_규칙,7819934,2345980,145712,0.06211135644805156,0.7613911880277568,2.5379708431268164,,
Model_B_propensity,will_purchase_28d,5,모델_LightGBM,7819934,390997,84458,0.216006772430479,0.4413197057102249,8.82638734198314,,
Model_B_propensity,will_purchase_28d,10,모델_LightGBM,7819934,781993,115408,0.1475818837253019,0.6030432238107182,6.030435322754864,,
Model_B_propensity,will_purchase_28d,20,모델_LightGBM,7819934,1563987,147697,0.09443620695056928,0.7717634395117465,3.858816704099746,,
Model_B_propensity,will_purchase_28d,30,모델_LightGBM,7819934,2345980,161119,0.06867876111475801,0.8418976256165872,2.8063256579674256,,
Model_B_propensity,will_purchase_28d,5,모델_vs_최근성_규칙_동일recall비교,7819934,390997,84458,,0.4413197057102249,,548362.0,28.6972839109931
Model_B_propensity,will_purchase_28d,10,모델_vs_최근성_규칙_동일recall비교,7819934,781993,115408,,0.6030432238107182,,959152.0,18.470378000567166
Model_B_propensity,will_purchase_28d,20,모델_vs_최근성_규칙_동일recall비교,7819934,1563987,147697,,0.7717634395117465,,2477914.0,36.882918454797064
Model_B_propensity,will_purchase_28d,30,모델_vs_최근성_규칙_동일recall비교,7819934,2345980,161119,,0.8418976256165872,,4143107.0,43.376311545900215
